seed,variant,strategy,node,name,tier,milestone,outcome,rounds_started,enemy_phases,damage_taken,body_damage,direct_attacks,boost_attacks,boost_ep,severs,parries,defends,counters,passes,counter_passes,allocation_commands,mp_spent,ep_spent,healing_received,deaths,rejected,softlock,start_hp,end_hp,start_mp,end_mp,start_ep,end_ep
81,baseline,A,1,Cinder Colossus,1,false,win,4,3,21,258,8,4,8,3,0,0,0,0,0,8,110,11,0,0,0,false,"[78,62,66]","[78,41,66]","[60,80,70]","[0,70,30]","[2,2,2]","[0,1,0]"
81,baseline,A,2,The Bellkeeper,1,true,win,4,3,21,265,8,5,9,2,0,1,0,0,0,8,90,11,21,0,0,false,"[78,41,66]","[78,55,52]","[0,70,30]","[15,10,0]","[2,2,2]","[0,0,1]"
81,baseline,A,3,Hollow Adjudicator,2,false,win,7,6,97,288,11,8,16,3,0,6,0,0,0,11,80,19,15,1,0,false,"[78,55,52]","[55,48,0]","[15,10,0]","[5,20,10]","[2,2,2]","[0,3,0]"
81,baseline,A,5,The Veiled Judge,2,true,win,4,3,63,310,8,5,9,2,0,0,0,0,0,8,120,11,7,1,0,false,"[78,62,30]","[78,36,0]","[60,80,70]","[10,40,40]","[2,2,2]","[0,0,1]"
81,baseline,A,7,Sunless Remnant,3,false,win,5,4,31,303,8,6,10,3,0,2,0,0,0,8,80,13,36,0,0,false,"[78,54,18]","[78,40,37]","[10,40,40]","[20,10,10]","[2,2,2]","[1,0,0]"
81,baseline,A,8,The Pale Sun,3,true,win,7,6,32,355,13,10,19,2,0,5,0,0,0,13,90,21,57,0,0,false,"[78,40,37]","[74,48,58]","[20,10,10]","[10,0,15]","[2,2,2]","[0,0,1]"
81,baseline,B,1,Cinder Colossus,1,false,win,54,54,0,265,0,0,0,0,36,126,36,0,0,0,180,0,0,0,0,false,"[78,62,66]","[78,62,66]","[60,80,70]","[60,80,65]","[2,2,2]","[6,6,6]"
81,baseline,B,2,The Bellkeeper,1,true,win,29,29,0,265,0,0,0,0,24,63,24,0,0,0,120,0,0,0,0,false,"[78,62,66]","[78,62,66]","[60,80,65]","[60,75,70]","[2,2,2]","[6,6,6]"
81,baseline,B,3,Hollow Adjudicator,2,false,win,30,30,0,310,0,0,0,0,35,55,35,0,0,0,175,0,0,0,0,false,"[78,62,66]","[78,62,66]","[60,75,70]","[60,80,65]","[2,2,2]","[6,6,6]"
81,baseline,B,5,The Veiled Judge,2,true,win,20,20,0,310,0,0,0,0,27,33,27,0,0,0,135,0,0,0,0,false,"[78,62,66]","[78,62,66]","[60,80,70]","[60,80,65]","[2,2,2]","[6,6,6]"
81,baseline,B,7,Sunless Remnant,3,false,win,24,24,0,355,0,0,0,0,29,43,29,0,0,0,145,0,0,0,0,false,"[78,62,66]","[78,62,66]","[60,80,65]","[55,80,65]","[2,2,2]","[6,6,6]"
81,baseline,B,8,The Pale Sun,3,true,win,20,20,0,355,0,0,0,0,21,39,21,0,0,0,105,0,0,0,0,false,"[78,62,66]","[78,62,66]","[55,80,65]","[60,80,65]","[2,2,2]","[6,6,6]"
81,candidate,A,1,Cinder Colossus,1,false,win,4,3,0,193,7,4,8,3,0,0,0,1,0,8,90,11,0,0,0,false,"[78,62,66]","[78,62,66]","[60,80,70]","[20,70,30]","[2,2,2]","[0,1,0]"
81,candidate,A,2,The Bellkeeper,1,true,win,4,3,21,265,8,5,8,2,0,1,0,0,0,8,90,10,7,0,0,false,"[78,62,66]","[78,48,66]","[20,70,30]","[10,20,15]","[2,2,2]","[0,0,4]"
81,candidate,A,3,Hollow Adjudicator,2,false,win,5,4,85,240,9,6,12,3,0,3,0,0,0,9,70,15,0,0,0,false,"[78,48,66]","[65,2,40]","[10,20,15]","[10,0,10]","[2,2,2]","[0,0,1]"
81,candidate,A,5,The Veiled Judge,2,true,win,5,4,26,288,9,6,10,3,0,0,0,3,0,12,140,13,14,0,0,false,"[78,32,66]","[78,20,66]","[60,80,70]","[10,30,30]","[2,2,2]","[0,0,1]"
81,candidate,A,7,Sunless Remnant,3,false,win,6,5,47,268,9,7,13,3,0,4,0,1,0,10,110,16,31,0,0,false,"[78,38,66]","[68,32,66]","[10,30,30]","[10,5,5]","[2,2,2]","[0,0,2]"
81,candidate,A,8,The Pale Sun,3,true,win,6,5,44,355,9,8,16,2,0,7,0,0,0,9,80,18,55,0,0,false,"[68,32,66]","[56,62,59]","[10,5,5]","[10,20,15]","[2,2,2]","[0,0,0]"
81,candidate,B,1,Cinder Colossus,1,false,win,54,54,0,265,0,0,0,0,36,126,36,0,0,0,180,0,0,0,0,false,"[78,62,66]","[78,62,66]","[60,80,70]","[60,80,65]","[2,2,2]","[6,6,6]"
81,candidate,B,2,The Bellkeeper,1,true,win,37,37,0,265,0,0,0,0,34,77,34,0,0,0,170,0,0,0,0,false,"[78,62,66]","[78,62,66]","[60,80,65]","[55,80,70]","[2,2,2]","[6,6,6]"
81,candidate,B,3,Hollow Adjudicator,2,false,win,60,60,280,310,0,0,0,0,50,130,50,0,0,0,250,0,280,0,0,false,"[78,62,66]","[78,62,66]","[55,80,70]","[60,80,65]","[2,2,2]","[6,6,6]"
81,candidate,B,5,The Veiled Judge,2,true,win,46,46,180,310,0,0,0,0,39,99,39,0,0,0,195,0,180,0,0,false,"[78,62,66]","[78,62,66]","[60,80,70]","[55,80,70]","[2,2,2]","[6,6,6]"
81,candidate,B,7,Sunless Remnant,3,false,win,83,83,240,355,0,0,0,0,63,186,63,0,0,0,315,0,240,0,0,false,"[78,62,66]","[78,62,66]","[55,80,70]","[60,75,70]","[2,2,2]","[6,6,6]"
81,candidate,B,8,The Pale Sun,3,true,win,45,45,168,355,0,0,0,0,39,96,39,0,0,0,195,0,168,0,0,false,"[78,62,66]","[78,62,66]","[60,75,70]","[60,80,65]","[2,2,2]","[6,6,6]"
82,baseline,A,1,Cinder Colossus,1,false,win,4,3,21,258,8,4,8,3,0,0,0,0,0,8,110,11,0,0,0,false,"[78,62,66]","[78,41,66]","[60,80,70]","[0,70,30]","[2,2,2]","[0,1,0]"
82,baseline,A,2,The Bellkeeper,1,true,win,4,3,21,265,8,5,9,2,0,1,0,0,0,8,90,11,7,0,0,false,"[78,62,66]","[78,62,52]","[3,73,33]","[18,13,3]","[2,2,2]","[0,0,1]"
82,baseline,A,5,The Veiled Judge,2,true,win,4,3,72,310,8,5,9,2,0,0,0,0,0,8,120,11,0,0,0,false,"[78,62,66]","[78,36,20]","[60,80,70]","[10,40,40]","[2,2,2]","[0,0,1]"
82,baseline,A,6,Sunless Remnant,3,false,win,7,6,63,343,12,9,16,3,0,5,0,0,0,12,130,19,9,0,0,false,"[78,60,44]","[62,31,35]","[13,43,43]","[3,23,18]","[2,2,2]","[0,1,2]"
82,baseline,A,8,The Pale Sun,3,true,win,7,6,71,318,14,9,16,3,0,4,0,0,0,14,90,19,0,0,0,false,"[78,62,66]","[78,31,26]","[6,26,21]","[6,1,16]","[2,2,2]","[2,0,3]"
82,baseline,B,1,Cinder Colossus,1,false,win,54,54,0,265,0,0,0,0,36,126,36,0,0,0,180,0,0,0,0,false,"[78,62,66]","[78,62,66]","[60,80,70]","[60,80,65]","[2,2,2]","[6,6,6]"
82,baseline,B,2,The Bellkeeper,1,true,win,29,29,0,265,0,0,0,0,24,63,24,0,0,0,120,0,0,0,0,false,"[78,62,66]","[78,62,66]","[60,80,68]","[60,75,70]","[2,2,2]","[6,6,6]"
82,baseline,B,5,The Veiled Judge,2,true,win,29,29,0,310,0,0,0,0,36,51,36,0,0,0,180,0,0,0,0,false,"[78,62,66]","[78,62,66]","[60,80,70]","[60,70,70]","[2,2,2]","[6,6,6]"
82,baseline,B,6,Sunless Remnant,3,false,win,24,24,0,355,0,0,0,0,25,47,24,0,0,0,125,0,0,0,0,false,"[78,62,66]","[78,62,66]","[60,73,70]","[55,80,65]","[2,2,2]","[6,6,6]"
82,baseline,B,8,The Pale Sun,3,true,win,38,38,0,355,0,0,0,0,45,69,44,0,0,0,225,0,0,0,0,false,"[78,62,66]","[78,62,66]","[58,80,68]","[60,75,65]","[2,2,2]","[6,6,6]"
82,candidate,A,1,Cinder Colossus,1,false,win,4,3,0,193,7,4,8,3,0,0,0,1,0,8,90,11,0,0,0,false,"[78,62,66]","[78,62,66]","[60,80,70]","[20,70,30]","[2,2,2]","[0,1,0]"
82,candidate,A,2,The Bellkeeper,1,true,win,4,3,21,265,8,5,8,2,0,1,0,0,0,8,90,10,7,0,0,false,"[78,62,66]","[78,48,66]","[23,73,33]","[13,23,18]","[2,2,2]","[0,0,4]"
82,candidate,A,5,The Veiled Judge,2,true,win,5,4,26,305,10,6,10,3,0,0,0,1,0,11,160,13,7,0,0,false,"[78,62,66]","[78,43,66]","[60,80,70]","[10,20,20]","[2,2,2]","[0,1,0]"
82,candidate,A,6,Sunless Remnant,3,false,win,7,6,63,289,11,9,16,3,0,6,0,0,0,11,100,19,0,0,0,false,"[78,62,66]","[62,31,50]","[13,23,23]","[3,23,23]","[2,2,2]","[0,1,2]"
82,candidate,A,8,The Pale Sun,3,true,win,7,6,71,288,14,9,16,3,0,4,0,0,0,14,90,19,0,0,0,false,"[78,62,66]","[78,7,50]","[6,26,26]","[6,1,21]","[2,2,2]","[2,0,3]"
82,candidate,B,1,Cinder Colossus,1,false,win,54,54,0,265,0,0,0,0,36,126,36,0,0,0,180,0,0,0,0,false,"[78,62,66]","[78,62,66]","[60,80,70]","[60,80,65]","[2,2,2]","[6,6,6]"
82,candidate,B,2,The Bellkeeper,1,true,win,37,37,0,265,0,0,0,0,34,77,34,0,0,0,170,0,0,0,0,false,"[78,62,66]","[78,62,66]","[60,80,68]","[55,80,70]","[2,2,2]","[6,6,6]"
82,candidate,B,5,The Veiled Judge,2,true,defeat,24,24,206,138,0,0,0,0,22,44,19,0,0,0,110,0,0,3,0,false,"[78,62,66]","[0,0,0]","[60,80,70]","[50,75,65]","[2,2,2]","[6,6,6]"
83,baseline,A,1,Cinder Colossus,1,false,win,4,3,21,258,8,4,8,3,0,0,0,0,0,8,110,11,0,0,0,false,"[78,62,66]","[78,41,66]","[60,80,70]","[0,70,30]","[2,2,2]","[0,1,0]"
83,baseline,A,2,The Bellkeeper,1,true,win,4,3,21,265,8,5,9,2,0,1,0,0,0,8,90,11,31,0,0,false,"[78,41,66]","[78,62,55]","[0,70,30]","[15,10,0]","[2,2,2]","[0,0,1]"
83,baseline,A,3,Hollow Adjudicator,2,false,win,7,6,109,288,11,8,16,3,0,6,0,0,0,11,80,19,37,1,0,false,"[78,62,55]","[61,62,0]","[15,10,0]","[5,20,10]","[2,2,2]","[0,3,0]"
83,baseline,A,5,The Veiled Judge,2,true,win,6,5,36,298,10,7,12,3,0,3,0,0,0,10,70,15,27,0,0,false,"[78,62,18]","[78,48,23]","[5,20,10]","[0,5,5]","[2,2,2]","[1,0,2]"
83,baseline,A,8,The Pale Sun,3,true,win,4,3,31,355,10,5,9,2,0,0,0,0,0,10,150,11,13,0,0,false,"[78,62,66]","[78,44,66]","[60,80,70]","[0,20,40]","[2,2,2]","[0,0,1]"
83,baseline,B,1,Cinder Colossus,1,false,win,54,54,0,265,0,0,0,0,36,126,36,0,0,0,180,0,0,0,0,false,"[78,62,66]","[78,62,66]","[60,80,70]","[60,80,65]","[2,2,2]","[6,6,6]"
83,baseline,B,2,The Bellkeeper,1,true,win,29,29,0,265,0,0,0,0,24,63,24,0,0,0,120,0,0,0,0,false,"[78,62,66]","[78,62,66]","[60,80,65]","[60,75,70]","[2,2,2]","[6,6,6]"
83,baseline,B,3,Hollow Adjudicator,2,false,win,30,30,0,310,0,0,0,0,35,55,35,0,0,0,175,0,0,0,0,false,"[78,62,66]","[78,62,66]","[60,75,70]","[60,80,65]","[2,2,2]","[6,6,6]"
83,baseline,B,5,The Veiled Judge,2,true,win,20,20,0,310,0,0,0,0,27,33,27,0,0,0,135,0,0,0,0,false,"[78,62,66]","[78,62,66]","[60,80,65]","[60,80,65]","[2,2,2]","[6,6,6]"
83,baseline,B,8,The Pale Sun,3,true,win,20,20,0,355,0,0,0,0,21,39,21,0,0,0,105,0,0,0,0,false,"[78,62,66]","[78,62,66]","[60,80,70]","[60,80,65]","[2,2,2]","[6,6,6]"
83,candidate,A,1,Cinder Colossus,1,false,win,4,3,0,193,7,4,8,3,0,0,0,1,0,8,90,11,0,0,0,false,"[78,62,66]","[78,62,66]","[60,80,70]","[20,70,30]","[2,2,2]","[0,1,0]"
83,candidate,A,2,The Bellkeeper,1,true,win,4,3,21,265,8,5,8,2,0,1,0,0,0,8,90,10,13,0,0,false,"[78,62,66]","[78,54,66]","[20,70,30]","[10,20,15]","[2,2,2]","[0,0,4]"
83,candidate,A,3,Hollow Adjudicator,2,false,win,5,4,85,240,9,6,12,3,0,3,0,0,0,9,70,15,21,0,0,false,"[78,54,66]","[68,20,46]","[10,20,15]","[10,0,10]","[2,2,2]","[0,0,1]"
83,candidate,A,5,The Veiled Judge,2,true,win,8,7,54,259,8,7,13,3,0,6,0,0,0,8,80,16,17,1,0,false,"[78,38,64]","[78,0,65]","[10,0,10]","[15,15,0]","[2,2,2]","[1,3,0]"
83,candidate,A,8,The Pale Sun,3,true,win,6,5,62,351,12,7,12,3,0,1,0,0,0,12,170,15,27,0,0,false,"[78,60,66]","[53,50,66]","[60,80,70]","[15,10,30]","[2,2,2]","[3,0,0]"
83,candidate,B,1,Cinder Colossus,1,false,win,54,54,0,265,0,0,0,0,36,126,36,0,0,0,180,0,0,0,0,false,"[78,62,66]","[78,62,66]","[60,80,70]","[60,80,65]","[2,2,2]","[6,6,6]"
83,candidate,B,2,The Bellkeeper,1,true,win,37,37,0,265,0,0,0,0,34,77,34,0,0,0,170,0,0,0,0,false,"[78,62,66]","[78,62,66]","[60,80,65]","[55,80,70]","[2,2,2]","[6,6,6]"
83,candidate,B,3,Hollow Adjudicator,2,false,win,60,60,280,310,0,0,0,0,50,130,50,0,0,0,250,0,280,0,0,false,"[78,62,66]","[78,62,66]","[55,80,70]","[60,80,65]","[2,2,2]","[6,6,6]"
83,candidate,B,5,The Veiled Judge,2,true,win,46,46,180,310,0,0,0,0,39,99,39,0,0,0,195,0,180,0,0,false,"[78,62,66]","[78,62,66]","[60,80,65]","[55,80,70]","[2,2,2]","[6,6,6]"
83,candidate,B,8,The Pale Sun,3,true,win,45,45,168,355,0,0,0,0,39,96,39,0,0,0,195,0,168,0,0,false,"[78,62,66]","[78,62,66]","[60,80,70]","[60,80,65]","[2,2,2]","[6,6,6]"
84,baseline,A,1,Cinder Colossus,1,false,win,4,3,21,258,8,4,8,3,0,0,0,0,0,8,110,11,0,0,0,false,"[78,62,66]","[78,41,66]","[60,80,70]","[0,70,30]","[2,2,2]","[0,1,0]"
84,baseline,A,2,The Bellkeeper,1,true,win,4,3,21,265,8,5,9,2,0,1,0,0,0,8,90,11,7,0,0,false,"[78,62,66]","[78,62,52]","[3,73,33]","[18,13,3]","[2,2,2]","[0,0,1]"
84,baseline,A,4,Hollow Adjudicator,2,false,win,6,5,59,310,10,7,13,3,0,3,0,0,0,10,80,16,0,0,0,false,"[78,62,66]","[78,49,20]","[21,16,6]","[1,1,6]","[2,2,2]","[1,0,1]"
84,baseline,A,5,The Veiled Judge,2,true,win,5,4,52,274,6,6,12,3,0,5,0,0,0,6,40,15,0,0,0,false,"[78,62,44]","[52,36,44]","[4,4,9]","[14,24,14]","[2,2,2]","[0,1,0]"
84,baseline,A,6,Sunless Remnant,3,false,win,7,6,62,355,12,8,15,3,0,4,0,0,0,12,90,18,0,0,0,false,"[76,60,66]","[45,29,66]","[17,27,17]","[17,12,2]","[2,2,2]","[1,2,1]"
84,baseline,A,7,Sunless Remnant,3,false,win,6,5,28,324,9,7,14,3,0,6,0,0,0,9,80,17,0,0,0,false,"[69,53,66]","[69,37,54]","[20,15,5]","[20,15,15]","[2,2,2]","[0,0,1]"
84,baseline,A,8,The Pale Sun,3,true,win,7,6,63,344,13,10,19,3,0,5,0,0,0,13,110,22,0,0,0,false,"[78,61,66]","[62,45,35]","[23,18,18]","[13,8,3]","[2,2,2]","[0,0,0]"
84,baseline,B,1,Cinder Colossus,1,false,win,54,54,0,265,0,0,0,0,36,126,36,0,0,0,180,0,0,0,0,false,"[78,62,66]","[78,62,66]","[60,80,70]","[60,80,65]","[2,2,2]","[6,6,6]"
84,baseline,B,2,The Bellkeeper,1,true,win,29,29,0,265,0,0,0,0,24,63,24,0,0,0,120,0,0,0,0,false,"[78,62,66]","[78,62,66]","[60,80,68]","[60,75,70]","[2,2,2]","[6,6,6]"
84,baseline,B,4,Hollow Adjudicator,2,false,win,30,30,0,310,0,0,0,0,35,55,35,0,0,0,175,0,0,0,0,false,"[78,62,66]","[78,62,66]","[60,78,70]","[60,80,65]","[2,2,2]","[6,6,6]"
84,baseline,B,5,The Veiled Judge,2,true,win,29,29,0,310,0,0,0,0,36,51,36,0,0,0,180,0,0,0,0,false,"[78,62,66]","[78,62,66]","[60,80,68]","[60,70,70]","[2,2,2]","[6,6,6]"
84,baseline,B,6,Sunless Remnant,3,false,win,24,24,0,355,0,0,0,0,25,47,24,0,0,0,125,0,0,0,0,false,"[78,62,66]","[78,62,66]","[60,73,70]","[55,80,65]","[2,2,2]","[6,6,6]"
84,baseline,B,7,Sunless Remnant,3,false,win,24,24,0,355,0,0,0,0,25,47,24,0,0,0,125,0,0,0,0,false,"[78,62,66]","[78,62,66]","[58,80,68]","[55,80,65]","[2,2,2]","[6,6,6]"
84,baseline,B,8,The Pale Sun,3,true,win,38,38,0,355,0,0,0,0,45,69,44,0,0,0,225,0,0,0,0,false,"[78,62,66]","[78,62,66]","[58,80,68]","[60,75,65]","[2,2,2]","[6,6,6]"
84,candidate,A,1,Cinder Colossus,1,false,win,4,3,0,193,7,4,8,3,0,0,0,1,0,8,90,11,0,0,0,false,"[78,62,66]","[78,62,66]","[60,80,70]","[20,70,30]","[2,2,2]","[0,1,0]"
84,candidate,A,2,The Bellkeeper,1,true,win,4,3,21,265,8,5,8,2,0,1,0,0,0,8,90,10,7,0,0,false,"[78,62,66]","[78,48,66]","[23,73,33]","[13,23,18]","[2,2,2]","[0,0,4]"
84,candidate,A,4,Hollow Adjudicator,2,false,win,6,5,72,250,11,7,14,3,0,3,0,0,0,11,80,17,0,0,0,false,"[78,62,66]","[78,16,40]","[16,26,21]","[16,6,6]","[2,2,2]","[0,1,0]"
84,candidate,A,5,The Veiled Judge,2,true,win,6,5,53,302,7,7,13,3,0,6,0,0,0,7,80,16,9,0,0,false,"[78,40,64]","[58,27,53]","[19,9,9]","[19,19,9]","[2,2,2]","[1,1,0]"
84,candidate,A,6,Sunless Remnant,3,false,win,7,6,78,281,12,9,17,3,0,5,0,0,0,12,80,20,0,0,0,false,"[78,51,66]","[62,20,35]","[22,22,12]","[12,22,17]","[2,2,2]","[0,1,1]"
84,candidate,A,7,Sunless Remnant,3,false,win,7,6,78,289,12,9,16,3,0,5,0,0,0,12,100,19,0,0,0,false,"[78,44,59]","[47,13,43]","[15,25,20]","[5,10,20]","[2,2,2]","[0,1,2]"
84,candidate,A,8,The Pale Sun,3,true,win,7,6,75,273,11,8,16,3,0,6,0,0,0,11,90,19,0,0,0,false,"[71,37,66]","[40,9,50]","[8,13,23]","[8,13,23]","[2,2,2]","[2,1,2]"
84,candidate,B,1,Cinder Colossus,1,false,win,54,54,0,265,0,0,0,0,36,126,36,0,0,0,180,0,0,0,0,false,"[78,62,66]","[78,62,66]","[60,80,70]","[60,80,65]","[2,2,2]","[6,6,6]"
84,candidate,B,2,The Bellkeeper,1,true,win,37,37,0,265,0,0,0,0,34,77,34,0,0,0,170,0,0,0,0,false,"[78,62,66]","[78,62,66]","[60,80,68]","[55,80,70]","[2,2,2]","[6,6,6]"
84,candidate,B,4,Hollow Adjudicator,2,false,win,39,39,188,310,0,0,0,0,37,54,35,0,0,0,185,0,0,2,0,false,"[78,62,66]","[18,0,0]","[58,80,70]","[45,75,65]","[2,2,2]","[6,6,6]"
84,candidate,B,5,The Veiled Judge,2,true,defeat,14,14,90,68,0,0,0,0,13,19,10,0,0,0,65,0,0,3,0,false,"[42,24,24]","[0,0,0]","[48,78,68]","[40,75,65]","[2,2,2]","[6,6,6]"
85,baseline,A,0,Cinder Colossus,1,false,win,4,3,21,258,8,4,8,3,0,0,0,0,0,8,110,11,0,0,0,false,"[78,62,66]","[78,41,66]","[60,80,70]","[0,70,30]","[2,2,2]","[0,1,0]"
85,baseline,A,2,The Bellkeeper,1,true,win,4,3,21,265,8,5,9,2,0,1,0,0,0,8,90,11,10,0,0,false,"[78,59,66]","[78,62,52]","[0,70,30]","[15,10,0]","[2,2,2]","[0,0,1]"
85,baseline,A,5,The Veiled Judge,2,true,win,7,6,111,282,11,8,16,3,0,6,0,0,0,11,80,19,43,0,0,false,"[78,62,66]","[64,62,12]","[15,10,0]","[5,20,10]","[2,2,2]","[0,3,2]"
85,baseline,A,6,Sunless Remnant,3,false,win,7,6,59,308,12,9,16,3,0,6,0,0,0,12,90,19,59,0,0,false,"[64,62,12]","[78,52,8]","[5,20,10]","[5,10,20]","[2,2,2]","[2,0,3]"
85,baseline,A,8,The Pale Sun,3,true,win,7,6,87,294,11,8,16,3,0,6,0,0,0,11,90,19,52,0,0,false,"[78,62,26]","[59,62,10]","[5,10,20]","[5,10,20]","[2,2,2]","[2,1,2]"
85,baseline,B,0,Cinder Colossus,1,false,win,54,54,0,265,0,0,0,0,36,126,36,0,0,0,180,0,0,0,0,false,"[78,62,66]","[78,62,66]","[60,80,70]","[60,80,65]","[2,2,2]","[6,6,6]"
85,baseline,B,2,The Bellkeeper,1,true,win,29,29,0,265,0,0,0,0,24,63,24,0,0,0,120,0,0,0,0,false,"[78,62,66]","[78,62,66]","[60,80,65]","[60,75,70]","[2,2,2]","[6,6,6]"
85,baseline,B,5,The Veiled Judge,2,true,win,29,29,0,310,0,0,0,0,36,51,36,0,0,0,180,0,0,0,0,false,"[78,62,66]","[78,62,66]","[60,75,70]","[60,70,70]","[2,2,2]","[6,6,6]"
85,baseline,B,6,Sunless Remnant,3,false,win,24,24,0,355,0,0,0,0,25,47,24,0,0,0,125,0,0,0,0,false,"[78,62,66]","[78,62,66]","[60,70,70]","[55,80,65]","[2,2,2]","[6,6,6]"
85,baseline,B,8,The Pale Sun,3,true,win,25,25,0,355,0,0,0,0,27,48,27,0,0,0,135,0,0,0,0,false,"[78,62,66]","[78,62,66]","[55,80,65]","[50,80,70]","[2,2,2]","[6,6,6]"
85,candidate,A,0,Cinder Colossus,1,false,win,4,3,0,193,7,4,8,3,0,0,0,1,0,8,90,11,0,0,0,false,"[78,62,66]","[78,62,66]","[60,80,70]","[20,70,30]","[2,2,2]","[0,1,0]"
85,candidate,A,2,The Bellkeeper,1,true,win,4,3,21,265,8,5,8,2,0,1,0,0,0,8,90,10,7,0,0,false,"[78,62,66]","[78,48,66]","[20,70,30]","[10,20,15]","[2,2,2]","[0,0,4]"
85,candidate,A,5,The Veiled Judge,2,true,win,5,4,46,260,7,6,10,3,0,3,0,1,0,8,60,13,12,0,0,false,"[78,62,66]","[78,28,66]","[10,20,15]","[15,15,0]","[2,2,2]","[0,1,0]"
85,candidate,A,6,Sunless Remnant,3,false,win,5,4,28,258,8,6,12,3,0,3,0,0,0,8,50,15,15,0,0,false,"[78,28,66]","[78,15,66]","[15,15,0]","[0,10,15]","[2,2,2]","[0,1,0]"
85,candidate,A,8,The Pale Sun,3,true,win,8,7,59,315,12,10,20,3,0,7,0,0,0,12,110,23,45,0,0,false,"[78,33,66]","[65,32,66]","[0,10,15]","[15,0,5]","[2,2,2]","[1,0,0]"
85,candidate,B,0,Cinder Colossus,1,false,win,54,54,0,265,0,0,0,0,36,126,36,0,0,0,180,0,0,0,0,false,"[78,62,66]","[78,62,66]","[60,80,70]","[60,80,65]","[2,2,2]","[6,6,6]"
85,candidate,B,2,The Bellkeeper,1,true,win,37,37,0,265,0,0,0,0,34,77,34,0,0,0,170,0,0,0,0,false,"[78,62,66]","[78,62,66]","[60,80,65]","[55,80,70]","[2,2,2]","[6,6,6]"
85,candidate,B,5,The Veiled Judge,2,true,win,43,43,400,310,0,0,0,0,40,89,40,0,0,0,200,0,381,0,0,false,"[78,62,66]","[73,62,52]","[55,80,70]","[55,80,70]","[2,2,2]","[6,6,6]"
85,candidate,B,6,Sunless Remnant,3,false,win,61,61,168,355,0,0,0,0,51,132,51,0,0,0,255,0,187,0,0,false,"[73,62,52]","[78,62,66]","[55,80,70]","[55,80,70]","[2,2,2]","[6,6,6]"
85,candidate,B,8,The Pale Sun,3,true,win,49,49,240,355,0,0,0,0,43,104,43,0,0,0,215,0,240,0,0,false,"[78,62,66]","[78,62,66]","[55,80,70]","[55,80,70]","[2,2,2]","[6,6,6]"
86,baseline,A,2,The Bellkeeper,1,true,win,4,3,21,265,9,6,10,2,0,0,0,0,0,9,140,12,7,0,0,false,"[78,62,66]","[78,48,66]","[60,80,70]","[10,30,30]","[2,2,2]","[0,0,0]"
86,baseline,A,5,The Veiled Judge,2,true,win,4,3,72,310,8,5,9,2,0,0,0,0,0,8,120,11,0,0,0,false,"[78,62,66]","[78,36,20]","[60,80,70]","[10,40,40]","[2,2,2]","[0,0,1]"
86,baseline,A,7,Sunless Remnant,3,false,win,4,3,31,355,10,6,10,2,0,0,0,0,0,10,160,12,7,0,0,false,"[78,62,66]","[78,38,66]","[60,80,70]","[0,30,20]","[2,2,2]","[0,0,0]"
86,baseline,A,8,The Pale Sun,3,true,win,7,6,71,339,11,9,18,3,0,7,0,0,0,11,110,21,0,0,0,false,"[78,62,66]","[78,31,26]","[3,33,23]","[18,13,23]","[2,2,2]","[0,0,1]"
86,baseline,B,2,The Bellkeeper,1,true,win,29,29,0,265,0,0,0,0,24,63,24,0,0,0,120,0,0,0,0,false,"[78,62,66]","[78,62,66]","[60,80,70]","[60,75,70]","[2,2,2]","[6,6,6]"
86,baseline,B,5,The Veiled Judge,2,true,win,29,29,0,310,0,0,0,0,36,51,36,0,0,0,180,0,0,0,0,false,"[78,62,66]","[78,62,66]","[60,80,70]","[60,70,70]","[2,2,2]","[6,6,6]"
86,baseline,B,7,Sunless Remnant,3,false,win,24,24,0,355,0,0,0,0,25,47,24,0,0,0,125,0,0,0,0,false,"[78,62,66]","[78,62,66]","[60,80,70]","[55,80,65]","[2,2,2]","[6,6,6]"
86,baseline,B,8,The Pale Sun,3,true,win,38,38,0,355,0,0,0,0,45,69,44,0,0,0,225,0,0,0,0,false,"[78,62,66]","[78,62,66]","[58,80,68]","[60,75,65]","[2,2,2]","[6,6,6]"
86,candidate,A,2,The Bellkeeper,1,true,win,4,3,21,265,9,6,10,2,0,0,0,0,0,9,140,12,7,0,0,false,"[78,62,66]","[78,48,66]","[60,80,70]","[10,30,30]","[2,2,2]","[0,0,0]"
86,candidate,A,5,The Veiled Judge,2,true,win,5,4,26,305,10,6,10,3,0,0,0,1,0,11,160,13,7,0,0,false,"[78,62,66]","[78,43,66]","[60,80,70]","[10,20,20]","[2,2,2]","[0,1,0]"
86,candidate,A,7,Sunless Remnant,3,false,win,5,4,31,324,10,6,10,3,0,0,0,0,0,10,160,13,7,0,0,false,"[78,62,66]","[78,38,66]","[60,80,70]","[0,30,20]","[2,2,2]","[1,0,0]"
86,candidate,A,8,The Pale Sun,3,true,win,7,6,71,309,11,9,18,3,0,7,0,0,0,11,110,21,0,0,0,false,"[78,62,66]","[78,7,50]","[3,33,23]","[18,13,23]","[2,2,2]","[0,0,1]"
86,candidate,B,2,The Bellkeeper,1,true,win,37,37,0,265,0,0,0,0,34,77,34,0,0,0,170,0,0,0,0,false,"[78,62,66]","[78,62,66]","[60,80,70]","[55,80,70]","[2,2,2]","[6,6,6]"
86,candidate,B,5,The Veiled Judge,2,true,defeat,24,24,206,138,0,0,0,0,22,44,19,0,0,0,110,0,0,3,0,false,"[78,62,66]","[0,0,0]","[60,80,70]","[50,75,65]","[2,2,2]","[6,6,6]"
87,baseline,A,1,Cinder Colossus,1,false,win,4,3,21,258,8,4,8,3,0,0,0,0,0,8,110,11,0,0,0,false,"[78,62,66]","[78,41,66]","[60,80,70]","[0,70,30]","[2,2,2]","[0,1,0]"
87,baseline,A,2,The Bellkeeper,1,true,win,4,3,21,265,8,5,9,2,0,1,0,0,0,8,90,11,31,0,0,false,"[78,41,66]","[78,62,55]","[0,70,30]","[15,10,0]","[2,2,2]","[0,0,1]"
87,baseline,A,3,Hollow Adjudicator,2,false,win,5,4,59,267,6,6,10,3,0,5,0,0,0,6,50,13,21,0,0,false,"[78,62,55]","[78,58,21]","[15,10,0]","[15,20,15]","[2,2,2]","[0,1,0]"
87,baseline,A,5,The Veiled Judge,2,true,win,5,4,62,308,7,6,10,3,0,4,0,0,0,7,80,13,21,0,0,false,"[78,62,39]","[78,45,15]","[15,20,15]","[15,15,0]","[2,2,2]","[0,1,0]"
87,baseline,A,7,Sunless Remnant,3,false,win,5,4,28,285,7,5,10,3,0,3,0,0,0,7,40,13,24,0,0,false,"[78,62,33]","[78,55,36]","[15,15,0]","[10,10,15]","[2,2,2]","[1,2,0]"
87,baseline,A,8,The Pale Sun,3,true,win,6,5,32,355,11,8,15,2,0,5,0,0,0,11,90,17,45,0,0,false,"[78,55,36]","[68,60,54]","[10,10,15]","[10,10,0]","[2,2,2]","[0,0,1]"
87,baseline,B,1,Cinder Colossus,1,false,win,54,54,0,265,0,0,0,0,36,126,36,0,0,0,180,0,0,0,0,false,"[78,62,66]","[78,62,66]","[60,80,70]","[60,80,65]","[2,2,2]","[6,6,6]"
87,baseline,B,2,The Bellkeeper,1,true,win,29,29,0,265,0,0,0,0,24,63,24,0,0,0,120,0,0,0,0,false,"[78,62,66]","[78,62,66]","[60,80,65]","[60,75,70]","[2,2,2]","[6,6,6]"
87,baseline,B,3,Hollow Adjudicator,2,false,win,20,20,0,310,0,0,0,0,20,40,20,0,0,0,100,0,0,0,0,false,"[78,62,66]","[78,62,66]","[60,75,70]","[60,80,65]","[2,2,2]","[6,6,6]"
87,baseline,B,5,The Veiled Judge,2,true,win,20,20,0,310,0,0,0,0,27,33,27,0,0,0,135,0,0,0,0,false,"[78,62,66]","[78,62,66]","[60,80,65]","[60,80,65]","[2,2,2]","[6,6,6]"
87,baseline,B,7,Sunless Remnant,3,false,win,24,24,0,355,0,0,0,0,29,43,29,0,0,0,145,0,0,0,0,false,"[78,62,66]","[78,62,66]","[60,80,65]","[55,80,65]","[2,2,2]","[6,6,6]"
87,baseline,B,8,The Pale Sun,3,true,win,20,20,0,355,0,0,0,0,21,39,21,0,0,0,105,0,0,0,0,false,"[78,62,66]","[78,62,66]","[55,80,65]","[60,80,65]","[2,2,2]","[6,6,6]"
87,candidate,A,1,Cinder Colossus,1,false,win,4,3,0,193,7,4,8,3,0,0,0,1,0,8,90,11,0,0,0,false,"[78,62,66]","[78,62,66]","[60,80,70]","[20,70,30]","[2,2,2]","[0,1,0]"
87,candidate,A,2,The Bellkeeper,1,true,win,4,3,21,265,8,5,8,2,0,1,0,0,0,8,90,10,13,0,0,false,"[78,62,66]","[78,54,66]","[20,70,30]","[10,20,15]","[2,2,2]","[0,0,4]"
87,candidate,A,3,Hollow Adjudicator,2,false,win,5,4,59,236,9,6,12,3,0,3,0,0,0,9,70,15,21,0,0,false,"[78,54,66]","[68,46,46]","[10,20,15]","[10,0,10]","[2,2,2]","[0,0,1]"
87,candidate,A,5,The Veiled Judge,2,true,win,6,5,59,241,8,7,13,3,0,5,0,1,0,9,70,16,20,0,0,false,"[78,62,64]","[71,28,66]","[10,0,10]","[10,10,5]","[2,2,2]","[0,0,2]"
87,candidate,A,7,Sunless Remnant,3,false,win,7,6,44,298,10,8,16,3,0,6,0,0,0,10,80,19,33,0,0,false,"[78,46,66]","[71,42,66]","[10,10,5]","[10,10,15]","[2,2,2]","[1,2,0]"
87,candidate,A,8,The Pale Sun,3,true,win,7,6,32,340,11,8,15,3,0,5,0,0,0,11,90,18,40,0,0,false,"[71,42,66]","[71,50,66]","[10,10,15]","[10,10,0]","[2,2,2]","[1,2,1]"
87,candidate,B,1,Cinder Colossus,1,false,win,54,54,0,265,0,0,0,0,36,126,36,0,0,0,180,0,0,0,0,false,"[78,62,66]","[78,62,66]","[60,80,70]","[60,80,65]","[2,2,2]","[6,6,6]"
87,candidate,B,2,The Bellkeeper,1,true,win,37,37,0,265,0,0,0,0,34,77,34,0,0,0,170,0,0,0,0,false,"[78,62,66]","[78,62,66]","[60,80,65]","[55,80,70]","[2,2,2]","[6,6,6]"
87,candidate,B,3,Hollow Adjudicator,2,false,win,58,58,20,310,0,0,0,0,44,130,44,0,0,0,220,0,20,0,0,false,"[78,62,66]","[78,62,66]","[55,80,70]","[55,80,70]","[2,2,2]","[6,6,6]"
87,candidate,B,5,The Veiled Judge,2,true,win,46,46,180,310,0,0,0,0,39,99,39,0,0,0,195,0,180,0,0,false,"[78,62,66]","[78,62,66]","[55,80,70]","[55,80,70]","[2,2,2]","[6,6,6]"
87,candidate,B,7,Sunless Remnant,3,false,win,83,83,240,355,0,0,0,0,63,186,63,0,0,0,315,0,240,0,0,false,"[78,62,66]","[78,62,66]","[55,80,70]","[60,75,70]","[2,2,2]","[6,6,6]"
87,candidate,B,8,The Pale Sun,3,true,win,45,45,168,355,0,0,0,0,39,96,39,0,0,0,195,0,168,0,0,false,"[78,62,66]","[78,62,66]","[60,75,70]","[60,80,65]","[2,2,2]","[6,6,6]"
88,baseline,A,0,Cinder Colossus,1,false,win,4,3,21,258,8,4,8,3,0,0,0,0,0,8,110,11,0,0,0,false,"[78,62,66]","[78,41,66]","[60,80,70]","[0,70,30]","[2,2,2]","[0,1,0]"
88,baseline,A,1,Cinder Colossus,1,false,win,4,3,21,242,7,4,8,3,0,2,0,0,0,7,80,11,7,0,0,false,"[78,62,66]","[78,48,66]","[3,73,33]","[23,13,23]","[2,2,2]","[0,0,1]"
88,baseline,A,2,The Bellkeeper,1,true,win,5,4,42,217,10,6,10,3,0,2,0,0,0,10,60,13,0,0,0,false,"[78,62,66]","[57,41,66]","[26,16,26]","[6,11,21]","[2,2,2]","[0,2,1]"
88,baseline,A,5,The Veiled Judge,2,true,win,4,3,72,310,8,5,9,2,0,0,0,0,0,8,120,11,0,0,0,false,"[78,62,66]","[78,36,20]","[60,80,70]","[10,40,40]","[2,2,2]","[0,0,1]"
88,baseline,A,8,The Pale Sun,3,true,win,6,5,62,355,13,8,14,2,0,1,0,0,0,13,170,16,7,0,0,false,"[78,62,66]","[47,38,66]","[60,80,70]","[15,10,30]","[2,2,2]","[2,0,0]"
88,baseline,B,0,Cinder Colossus,1,false,win,54,54,0,265,0,0,0,0,36,126,36,0,0,0,180,0,0,0,0,false,"[78,62,66]","[78,62,66]","[60,80,70]","[60,80,65]","[2,2,2]","[6,6,6]"
88,baseline,B,1,Cinder Colossus,1,false,win,54,54,0,265,0,0,0,0,36,126,36,0,0,0,180,0,0,0,0,false,"[78,62,66]","[78,62,66]","[60,80,68]","[60,80,65]","[2,2,2]","[6,6,6]"
88,baseline,B,2,The Bellkeeper,1,true,win,29,29,0,265,0,0,0,0,24,63,24,0,0,0,120,0,0,0,0,false,"[78,62,66]","[78,62,66]","[60,80,68]","[60,75,70]","[2,2,2]","[6,6,6]"
88,baseline,B,5,The Veiled Judge,2,true,win,29,29,0,310,0,0,0,0,36,51,36,0,0,0,180,0,0,0,0,false,"[78,62,66]","[78,62,66]","[60,80,70]","[60,70,70]","[2,2,2]","[6,6,6]"
88,baseline,B,8,The Pale Sun,3,true,win,38,38,0,355,0,0,0,0,45,69,44,0,0,0,225,0,0,0,0,false,"[78,62,66]","[78,62,66]","[60,80,70]","[60,75,65]","[2,2,2]","[6,6,6]"
88,candidate,A,0,Cinder Colossus,1,false,win,4,3,0,193,7,4,8,3,0,0,0,1,0,8,90,11,0,0,0,false,"[78,62,66]","[78,62,66]","[60,80,70]","[20,70,30]","[2,2,2]","[0,1,0]"
88,candidate,A,1,Cinder Colossus,1,false,win,4,3,0,216,7,4,8,3,0,2,0,0,0,7,80,11,0,0,0,false,"[78,62,66]","[78,62,66]","[23,73,33]","[18,43,18]","[2,2,2]","[0,0,3]"
88,candidate,A,2,The Bellkeeper,1,true,win,5,4,21,243,9,6,10,3,0,1,0,2,0,11,60,13,0,0,0,false,"[78,62,66]","[78,41,66]","[21,46,21]","[11,16,16]","[2,2,2]","[0,0,1]"
88,candidate,A,5,The Veiled Judge,2,true,win,5,4,26,305,10,6,10,3,0,0,0,1,0,11,160,13,7,0,0,false,"[78,62,66]","[78,43,66]","[60,80,70]","[10,20,20]","[2,2,2]","[0,1,0]"
88,candidate,A,8,The Pale Sun,3,true,win,6,5,62,355,15,8,14,2,0,1,0,0,0,15,190,16,7,0,0,false,"[78,62,66]","[47,38,66]","[60,80,70]","[15,10,10]","[2,2,2]","[2,0,0]"
88,candidate,B,0,Cinder Colossus,1,false,win,54,54,0,265,0,0,0,0,36,126,36,0,0,0,180,0,0,0,0,false,"[78,62,66]","[78,62,66]","[60,80,70]","[60,80,65]","[2,2,2]","[6,6,6]"
88,candidate,B,1,Cinder Colossus,1,false,win,54,54,0,265,0,0,0,0,36,126,36,0,0,0,180,0,0,0,0,false,"[78,62,66]","[78,62,66]","[60,80,68]","[60,80,65]","[2,2,2]","[6,6,6]"
88,candidate,B,2,The Bellkeeper,1,true,win,37,37,0,265,0,0,0,0,34,77,34,0,0,0,170,0,0,0,0,false,"[78,62,66]","[78,62,66]","[60,80,68]","[55,80,70]","[2,2,2]","[6,6,6]"
88,candidate,B,5,The Veiled Judge,2,true,defeat,24,24,206,138,0,0,0,0,22,44,19,0,0,0,110,0,0,3,0,false,"[78,62,66]","[0,0,0]","[60,80,70]","[50,75,65]","[2,2,2]","[6,6,6]"
89,baseline,A,0,Cinder Colossus,1,false,win,4,3,21,258,8,4,8,3,0,0,0,0,0,8,110,11,0,0,0,false,"[78,62,66]","[78,41,66]","[60,80,70]","[0,70,30]","[2,2,2]","[0,1,0]"
89,baseline,A,2,The Bellkeeper,1,true,win,4,3,21,265,7,5,9,2,0,1,0,0,0,7,70,11,3,0,0,false,"[78,59,66]","[78,62,45]","[0,70,30]","[15,30,0]","[2,2,2]","[0,0,1]"
89,baseline,A,3,Hollow Adjudicator,2,false,win,7,6,46,310,12,8,16,3,0,5,0,0,0,12,90,19,7,0,0,false,"[78,62,45]","[78,62,6]","[15,30,0]","[0,20,10]","[2,2,2]","[0,1,2]"
89,baseline,A,5,The Veiled Judge,2,true,win,5,4,49,256,8,6,11,3,0,4,0,0,0,8,60,14,0,0,0,false,"[78,62,24]","[65,36,14]","[0,20,10]","[10,0,20]","[2,2,2]","[1,0,1]"
89,baseline,A,8,The Pale Sun,3,true,win,7,6,71,355,10,8,16,3,0,6,0,0,0,10,90,19,63,0,0,false,"[78,62,50]","[78,53,51]","[10,0,20]","[10,0,20]","[2,2,2]","[1,0,2]"
89,baseline,B,0,Cinder Colossus,1,false,win,54,54,0,265,0,0,0,0,36,126,36,0,0,0,180,0,0,0,0,false,"[78,62,66]","[78,62,66]","[60,80,70]","[60,80,65]","[2,2,2]","[6,6,6]"
89,baseline,B,2,The Bellkeeper,1,true,win,54,54,0,265,0,0,0,0,36,126,36,0,0,0,180,0,0,0,0,false,"[78,62,66]","[78,62,66]","[60,80,65]","[60,80,65]","[2,2,2]","[6,6,6]"
89,baseline,B,3,Hollow Adjudicator,2,false,win,20,20,0,310,0,0,0,0,20,40,20,0,0,0,100,0,0,0,0,false,"[78,62,66]","[78,62,66]","[60,80,65]","[60,80,65]","[2,2,2]","[6,6,6]"
89,baseline,B,5,The Veiled Judge,2,true,win,16,16,0,310,0,0,0,0,20,28,20,0,0,0,100,0,0,0,0,false,"[78,62,66]","[78,62,66]","[60,80,65]","[55,80,70]","[2,2,2]","[6,6,6]"
89,baseline,B,8,The Pale Sun,3,true,win,20,20,0,355,0,0,0,0,21,39,21,0,0,0,105,0,0,0,0,false,"[78,62,66]","[78,62,66]","[55,80,70]","[60,80,65]","[2,2,2]","[6,6,6]"
89,candidate,A,0,Cinder Colossus,1,false,win,4,3,0,193,7,4,8,3,0,0,0,1,0,8,90,11,0,0,0,false,"[78,62,66]","[78,62,66]","[60,80,70]","[20,70,30]","[2,2,2]","[0,1,0]"
89,candidate,A,2,The Bellkeeper,1,true,win,4,3,0,244,7,4,6,3,0,1,0,0,0,7,70,9,0,0,0,false,"[78,62,66]","[78,62,66]","[20,70,30]","[10,40,15]","[2,2,2]","[0,1,4]"
89,candidate,A,3,Hollow Adjudicator,2,false,win,5,4,59,245,9,6,12,3,0,3,0,0,0,9,90,15,0,0,0,false,"[78,62,66]","[65,42,40]","[10,40,15]","[10,0,10]","[2,2,2]","[0,0,1]"
89,candidate,A,5,The Veiled Judge,2,true,win,6,5,59,265,8,7,14,3,0,5,0,1,0,9,70,17,0,0,0,false,"[78,60,58]","[65,40,32]","[10,0,10]","[10,5,10]","[2,2,2]","[0,1,0]"
89,candidate,A,8,The Pale Sun,3,true,win,6,5,55,292,8,7,12,3,0,4,0,2,0,10,60,15,12,0,0,false,"[78,62,66]","[78,19,66]","[10,5,10]","[10,0,15]","[2,2,2]","[0,1,2]"
89,candidate,B,0,Cinder Colossus,1,false,win,54,54,0,265,0,0,0,0,36,126,36,0,0,0,180,0,0,0,0,false,"[78,62,66]","[78,62,66]","[60,80,70]","[60,80,65]","[2,2,2]","[6,6,6]"
89,candidate,B,2,The Bellkeeper,1,true,win,54,54,0,265,0,0,0,0,36,126,36,0,0,0,180,0,0,0,0,false,"[78,62,66]","[78,62,66]","[60,80,65]","[60,80,65]","[2,2,2]","[6,6,6]"
89,candidate,B,3,Hollow Adjudicator,2,false,win,58,58,20,310,0,0,0,0,44,130,44,0,0,0,220,0,0,0,0,false,"[78,62,66]","[78,62,46]","[60,80,65]","[55,80,70]","[2,2,2]","[6,6,6]"
89,candidate,B,5,The Veiled Judge,2,true,win,37,37,140,310,0,0,0,0,32,79,32,0,0,0,160,0,0,0,0,false,"[78,62,64]","[58,2,4]","[55,80,70]","[55,80,70]","[2,2,2]","[6,6,6]"
89,candidate,B,8,The Pale Sun,3,true,win,41,41,191,355,0,0,0,0,38,64,37,0,0,0,190,0,179,1,0,false,"[78,38,40]","[78,0,66]","[55,80,70]","[55,75,70]","[2,2,2]","[6,6,6]"
90,baseline,A,0,Cinder Colossus,1,false,win,4,3,21,258,8,4,8,3,0,0,0,0,0,8,110,11,0,0,0,false,"[78,62,66]","[78,41,66]","[60,80,70]","[0,70,30]","[2,2,2]","[0,1,0]"
90,baseline,A,2,The Bellkeeper,1,true,win,4,3,21,265,9,6,10,2,0,0,0,0,0,9,140,12,7,0,0,false,"[78,62,66]","[78,48,66]","[60,80,70]","[10,30,30]","[2,2,2]","[0,0,0]"
90,baseline,A,5,The Veiled Judge,2,true,win,4,3,72,310,8,5,9,2,0,0,0,0,0,8,120,11,0,0,0,false,"[78,62,66]","[78,36,20]","[60,80,70]","[10,40,40]","[2,2,2]","[0,0,1]"
90,baseline,A,8,The Pale Sun,3,true,win,6,5,62,355,13,8,14,2,0,1,0,0,0,13,170,16,7,0,0,false,"[78,62,66]","[47,38,66]","[60,80,70]","[15,10,30]","[2,2,2]","[2,0,0]"
90,baseline,B,0,Cinder Colossus,1,false,win,54,54,0,265,0,0,0,0,36,126,36,0,0,0,180,0,0,0,0,false,"[78,62,66]","[78,62,66]","[60,80,70]","[60,80,65]","[2,2,2]","[6,6,6]"
90,baseline,B,2,The Bellkeeper,1,true,win,29,29,0,265,0,0,0,0,24,63,24,0,0,0,120,0,0,0,0,false,"[78,62,66]","[78,62,66]","[60,80,70]","[60,75,70]","[2,2,2]","[6,6,6]"
90,baseline,B,5,The Veiled Judge,2,true,win,29,29,0,310,0,0,0,0,36,51,36,0,0,0,180,0,0,0,0,false,"[78,62,66]","[78,62,66]","[60,80,70]","[60,70,70]","[2,2,2]","[6,6,6]"
90,baseline,B,8,The Pale Sun,3,true,win,38,38,0,355,0,0,0,0,45,69,44,0,0,0,225,0,0,0,0,false,"[78,62,66]","[78,62,66]","[60,80,70]","[60,75,65]","[2,2,2]","[6,6,6]"
90,candidate,A,0,Cinder Colossus,1,false,win,4,3,0,193,7,4,8,3,0,0,0,1,0,8,90,11,0,0,0,false,"[78,62,66]","[78,62,66]","[60,80,70]","[20,70,30]","[2,2,2]","[0,1,0]"
90,candidate,A,2,The Bellkeeper,1,true,win,4,3,21,265,9,6,10,2,0,0,0,0,0,9,140,12,7,0,0,false,"[78,62,66]","[78,48,66]","[60,80,70]","[10,30,30]","[2,2,2]","[0,0,0]"
90,candidate,A,5,The Veiled Judge,2,true,win,5,4,26,305,10,6,10,3,0,0,0,1,0,11,160,13,7,0,0,false,"[78,62,66]","[78,43,66]","[60,80,70]","[10,20,20]","[2,2,2]","[0,1,0]"
90,candidate,A,8,The Pale Sun,3,true,win,6,5,62,355,15,8,14,2,0,1,0,0,0,15,190,16,7,0,0,false,"[78,62,66]","[47,38,66]","[60,80,70]","[15,10,10]","[2,2,2]","[2,0,0]"
90,candidate,B,0,Cinder Colossus,1,false,win,54,54,0,265,0,0,0,0,36,126,36,0,0,0,180,0,0,0,0,false,"[78,62,66]","[78,62,66]","[60,80,70]","[60,80,65]","[2,2,2]","[6,6,6]"
90,candidate,B,2,The Bellkeeper,1,true,win,37,37,0,265,0,0,0,0,34,77,34,0,0,0,170,0,0,0,0,false,"[78,62,66]","[78,62,66]","[60,80,70]","[55,80,70]","[2,2,2]","[6,6,6]"
90,candidate,B,5,The Veiled Judge,2,true,defeat,24,24,206,138,0,0,0,0,22,44,19,0,0,0,110,0,0,3,0,false,"[78,62,66]","[0,0,0]","[60,80,70]","[50,75,65]","[2,2,2]","[6,6,6]"
91,baseline,A,0,Cinder Colossus,1,false,win,4,3,21,258,8,4,8,3,0,0,0,0,0,8,110,11,0,0,0,false,"[78,62,66]","[78,41,66]","[60,80,70]","[0,70,30]","[2,2,2]","[0,1,0]"
91,baseline,A,2,The Bellkeeper,1,true,win,4,3,21,265,9,6,10,2,0,0,0,0,0,9,140,12,7,0,0,false,"[78,62,66]","[78,48,66]","[60,80,70]","[10,30,30]","[2,2,2]","[0,0,0]"
91,baseline,A,3,Hollow Adjudicator,2,false,win,7,6,72,310,11,8,15,3,0,6,0,0,0,11,110,18,19,0,0,false,"[78,48,66]","[78,35,26]","[10,30,30]","[10,20,20]","[2,2,2]","[2,1,3]"
91,baseline,A,5,The Veiled Judge,2,true,win,4,3,72,310,8,5,9,2,0,0,0,0,0,8,120,11,7,0,0,false,"[78,62,56]","[78,36,17]","[60,80,70]","[10,40,40]","[2,2,2]","[0,0,1]"
91,baseline,A,6,Sunless Remnant,3,false,win,5,4,31,340,8,6,10,3,0,2,0,0,0,8,80,13,14,0,0,false,"[78,36,17]","[78,12,24]","[10,40,40]","[20,10,10]","[2,2,2]","[1,0,0]"
91,baseline,A,7,Sunless Remnant,3,false,win,6,5,32,355,11,8,15,2,0,5,0,0,0,11,70,17,48,0,0,false,"[78,12,24]","[71,17,42]","[20,10,10]","[20,10,15]","[2,2,2]","[0,0,1]"
91,baseline,A,8,The Pale Sun,3,true,win,7,6,32,355,11,8,15,3,0,5,0,0,0,11,90,18,64,0,0,false,"[71,17,42]","[74,25,63]","[20,10,15]","[20,10,0]","[2,2,2]","[1,2,1]"
91,baseline,B,0,Cinder Colossus,1,false,win,54,54,0,265,0,0,0,0,36,126,36,0,0,0,180,0,0,0,0,false,"[78,62,66]","[78,62,66]","[60,80,70]","[60,80,65]","[2,2,2]","[6,6,6]"
91,baseline,B,2,The Bellkeeper,1,true,win,29,29,0,265,0,0,0,0,24,63,24,0,0,0,120,0,0,0,0,false,"[78,62,66]","[78,62,66]","[60,80,70]","[60,75,70]","[2,2,2]","[6,6,6]"
91,baseline,B,3,Hollow Adjudicator,2,false,win,30,30,0,310,0,0,0,0,35,55,35,0,0,0,175,0,0,0,0,false,"[78,62,66]","[78,62,66]","[60,75,70]","[60,80,65]","[2,2,2]","[6,6,6]"
91,baseline,B,5,The Veiled Judge,2,true,win,20,20,0,310,0,0,0,0,27,33,27,0,0,0,135,0,0,0,0,false,"[78,62,66]","[78,62,66]","[60,80,70]","[60,80,65]","[2,2,2]","[6,6,6]"
91,baseline,B,6,Sunless Remnant,3,false,win,32,32,0,355,0,0,0,0,36,60,35,0,0,0,180,0,0,0,0,false,"[78,62,66]","[78,62,66]","[60,80,65]","[60,75,65]","[2,2,2]","[6,6,6]"
91,baseline,B,7,Sunless Remnant,3,false,win,32,32,0,355,0,0,0,0,36,60,35,0,0,0,180,0,0,0,0,false,"[78,62,66]","[78,62,66]","[60,75,65]","[60,75,65]","[2,2,2]","[6,6,6]"
91,baseline,B,8,The Pale Sun,3,true,win,20,20,0,355,0,0,0,0,21,39,21,0,0,0,105,0,0,0,0,false,"[78,62,66]","[78,62,66]","[60,75,65]","[60,80,65]","[2,2,2]","[6,6,6]"
91,candidate,A,0,Cinder Colossus,1,false,win,4,3,0,193,7,4,8,3,0,0,0,1,0,8,90,11,0,0,0,false,"[78,62,66]","[78,62,66]","[60,80,70]","[20,70,30]","[2,2,2]","[0,1,0]"
91,candidate,A,2,The Bellkeeper,1,true,win,4,3,21,265,9,6,10,2,0,0,0,0,0,9,140,12,7,0,0,false,"[78,62,66]","[78,48,66]","[60,80,70]","[10,30,30]","[2,2,2]","[0,0,0]"
91,candidate,A,3,Hollow Adjudicator,2,false,win,7,6,69,295,11,8,16,3,0,5,0,0,0,11,100,19,13,0,0,false,"[78,48,66]","[68,12,56]","[10,30,30]","[10,15,20]","[2,2,2]","[1,0,2]"
91,candidate,A,5,The Veiled Judge,2,true,win,5,4,26,288,9,6,10,3,0,0,0,3,0,12,140,13,14,0,0,false,"[78,42,66]","[78,30,66]","[60,80,70]","[10,30,30]","[2,2,2]","[0,0,1]"
91,candidate,A,6,Sunless Remnant,3,false,win,8,7,115,290,10,7,13,3,0,4,0,0,0,10,110,16,13,1,0,false,"[78,30,66]","[50,0,22]","[10,30,30]","[10,0,10]","[2,2,2]","[1,0,1]"
91,candidate,A,7,Sunless Remnant,3,false,defeat,5,5,96,127,3,3,6,1,0,3,0,0,0,3,30,7,24,2,0,false,"[50,0,22]","[0,0,0]","[10,0,10]","[20,0,15]","[2,2,2]","[1,2,0]"
91,candidate,B,0,Cinder Colossus,1,false,win,54,54,0,265,0,0,0,0,36,126,36,0,0,0,180,0,0,0,0,false,"[78,62,66]","[78,62,66]","[60,80,70]","[60,80,65]","[2,2,2]","[6,6,6]"
91,candidate,B,2,The Bellkeeper,1,true,win,37,37,0,265,0,0,0,0,34,77,34,0,0,0,170,0,0,0,0,false,"[78,62,66]","[78,62,66]","[60,80,70]","[55,80,70]","[2,2,2]","[6,6,6]"
91,candidate,B,3,Hollow Adjudicator,2,false,win,60,60,280,310,0,0,0,0,50,130,50,0,0,0,250,0,280,0,0,false,"[78,62,66]","[78,62,66]","[55,80,70]","[60,80,65]","[2,2,2]","[6,6,6]"
91,candidate,B,5,The Veiled Judge,2,true,win,46,46,180,310,0,0,0,0,39,99,39,0,0,0,195,0,180,0,0,false,"[78,62,66]","[78,62,66]","[60,80,70]","[55,80,70]","[2,2,2]","[6,6,6]"
91,candidate,B,6,Sunless Remnant,3,false,win,63,63,168,355,0,0,0,0,49,140,49,0,0,0,245,0,168,0,0,false,"[78,62,66]","[78,62,66]","[55,80,70]","[60,80,65]","[2,2,2]","[6,6,6]"
91,candidate,B,7,Sunless Remnant,3,false,win,63,63,168,355,0,0,0,0,49,140,49,0,0,0,245,0,168,0,0,false,"[78,62,66]","[78,62,66]","[60,80,65]","[60,80,65]","[2,2,2]","[6,6,6]"
91,candidate,B,8,The Pale Sun,3,true,win,45,45,168,355,0,0,0,0,39,96,39,0,0,0,195,0,168,0,0,false,"[78,62,66]","[78,62,66]","[60,80,65]","[60,80,65]","[2,2,2]","[6,6,6]"
92,baseline,A,0,Cinder Colossus,1,false,win,4,3,21,258,8,4,8,3,0,0,0,0,0,8,110,11,0,0,0,false,"[78,62,66]","[78,41,66]","[60,80,70]","[0,70,30]","[2,2,2]","[0,1,0]"
92,baseline,A,2,The Bellkeeper,1,true,win,4,3,21,265,9,6,10,2,0,0,0,0,0,9,140,12,7,0,0,false,"[78,62,66]","[78,48,66]","[60,80,70]","[10,30,30]","[2,2,2]","[0,0,0]"
92,baseline,A,3,Hollow Adjudicator,2,false,win,7,6,72,310,11,8,15,3,0,6,0,0,0,11,110,18,0,0,0,false,"[78,62,66]","[78,36,20]","[13,33,33]","[13,23,23]","[2,2,2]","[2,1,3]"
92,baseline,A,4,Hollow Adjudicator,2,false,win,7,6,70,310,11,7,13,3,0,3,0,0,0,11,80,16,0,1,0,false,"[78,60,44]","[78,34,0]","[16,26,26]","[6,11,16]","[2,2,2]","[0,1,1]"
92,baseline,A,5,The Veiled Judge,2,true,win,5,4,23,296,7,6,10,3,0,4,0,0,0,7,70,13,0,0,0,false,"[78,58,24]","[78,45,14]","[9,14,19]","[4,24,4]","[2,2,2]","[0,1,0]"
92,baseline,A,6,Sunless Remnant,3,false,win,6,5,86,298,9,7,13,3,0,4,0,0,0,9,80,16,0,0,0,false,"[78,62,38]","[47,31,14]","[7,27,7]","[7,12,2]","[2,2,2]","[0,0,2]"
92,baseline,A,8,The Pale Sun,3,true,win,7,6,60,330,12,9,18,3,0,6,0,0,0,12,100,21,0,0,0,false,"[78,62,56]","[62,46,28]","[10,15,5]","[0,5,15]","[2,2,2]","[0,0,3]"
92,baseline,B,0,Cinder Colossus,1,false,win,54,54,0,265,0,0,0,0,36,126,36,0,0,0,180,0,0,0,0,false,"[78,62,66]","[78,62,66]","[60,80,70]","[60,80,65]","[2,2,2]","[6,6,6]"
92,baseline,B,2,The Bellkeeper,1,true,win,29,29,0,265,0,0,0,0,24,63,24,0,0,0,120,0,0,0,0,false,"[78,62,66]","[78,62,66]","[60,80,70]","[60,75,70]","[2,2,2]","[6,6,6]"
92,baseline,B,3,Hollow Adjudicator,2,false,win,30,30,0,310,0,0,0,0,35,55,35,0,0,0,175,0,0,0,0,false,"[78,62,66]","[78,62,66]","[60,78,70]","[60,80,65]","[2,2,2]","[6,6,6]"
92,baseline,B,4,Hollow Adjudicator,2,false,win,30,30,0,310,0,0,0,0,35,55,35,0,0,0,175,0,0,0,0,false,"[78,62,66]","[78,62,66]","[60,80,68]","[60,80,65]","[2,2,2]","[6,6,6]"
92,baseline,B,5,The Veiled Judge,2,true,win,29,29,0,310,0,0,0,0,36,51,36,0,0,0,180,0,0,0,0,false,"[78,62,66]","[78,62,66]","[60,80,68]","[60,70,70]","[2,2,2]","[6,6,6]"
92,baseline,B,6,Sunless Remnant,3,false,win,24,24,0,355,0,0,0,0,25,47,24,0,0,0,125,0,0,0,0,false,"[78,62,66]","[78,62,66]","[60,73,70]","[55,80,65]","[2,2,2]","[6,6,6]"
92,baseline,B,8,The Pale Sun,3,true,win,38,38,0,355,0,0,0,0,45,69,44,0,0,0,225,0,0,0,0,false,"[78,62,66]","[78,62,66]","[58,80,68]","[60,75,65]","[2,2,2]","[6,6,6]"
92,candidate,A,0,Cinder Colossus,1,false,win,4,3,0,193,7,4,8,3,0,0,0,1,0,8,90,11,0,0,0,false,"[78,62,66]","[78,62,66]","[60,80,70]","[20,70,30]","[2,2,2]","[0,1,0]"
92,candidate,A,2,The Bellkeeper,1,true,win,4,3,21,265,9,6,10,2,0,0,0,0,0,9,140,12,7,0,0,false,"[78,62,66]","[78,48,66]","[60,80,70]","[10,30,30]","[2,2,2]","[0,0,0]"
92,candidate,A,3,Hollow Adjudicator,2,false,win,7,6,69,295,11,8,16,3,0,5,0,0,0,11,100,19,0,0,0,false,"[78,62,66]","[68,16,53]","[13,33,33]","[13,18,23]","[2,2,2]","[1,0,2]"
92,candidate,A,4,Hollow Adjudicator,2,false,win,8,7,99,275,12,7,12,3,0,2,0,0,0,12,70,15,0,1,0,false,"[78,40,66]","[52,0,33]","[16,21,26]","[1,11,11]","[2,2,2]","[1,0,2]"
92,candidate,A,5,The Veiled Judge,2,true,win,6,5,36,236,8,7,13,3,0,5,0,0,0,8,70,16,0,0,0,false,"[76,24,57]","[63,1,57]","[4,14,14]","[14,14,9]","[2,2,2]","[0,0,2]"
92,candidate,A,6,Sunless Remnant,3,false,win,7,6,47,285,12,9,17,3,0,5,0,0,0,12,80,20,0,0,0,false,"[78,25,66]","[78,9,35]","[17,17,12]","[7,17,17]","[2,2,2]","[0,1,1]"
92,candidate,A,8,The Pale Sun,3,true,win,9,8,78,355,16,12,23,2,0,7,0,0,0,16,140,25,0,0,0,false,"[78,51,66]","[62,20,35]","[10,20,20]","[5,10,0]","[2,2,2]","[0,2,1]"
92,candidate,B,0,Cinder Colossus,1,false,win,54,54,0,265,0,0,0,0,36,126,36,0,0,0,180,0,0,0,0,false,"[78,62,66]","[78,62,66]","[60,80,70]","[60,80,65]","[2,2,2]","[6,6,6]"
92,candidate,B,2,The Bellkeeper,1,true,win,37,37,0,265,0,0,0,0,34,77,34,0,0,0,170,0,0,0,0,false,"[78,62,66]","[78,62,66]","[60,80,70]","[55,80,70]","[2,2,2]","[6,6,6]"
92,candidate,B,3,Hollow Adjudicator,2,false,win,39,39,188,310,0,0,0,0,37,54,35,0,0,0,185,0,0,2,0,false,"[78,62,66]","[18,0,0]","[58,80,70]","[45,75,65]","[2,2,2]","[6,6,6]"
92,candidate,B,4,Hollow Adjudicator,2,false,defeat,16,16,90,103,0,0,0,0,15,19,12,0,0,0,75,0,0,3,0,false,"[42,24,24]","[0,0,0]","[48,78,68]","[45,75,65]","[2,2,2]","[6,6,6]"
93,baseline,A,2,The Bellkeeper,1,true,win,4,3,21,265,9,6,10,2,0,0,0,0,0,9,140,12,7,0,0,false,"[78,62,66]","[78,48,66]","[60,80,70]","[10,30,30]","[2,2,2]","[0,0,0]"
93,baseline,A,3,Hollow Adjudicator,2,false,win,7,6,72,310,11,8,15,3,0,6,0,0,0,11,110,18,40,0,0,false,"[78,48,66]","[78,47,35]","[10,30,30]","[10,20,20]","[2,2,2]","[2,1,3]"
93,baseline,A,5,The Veiled Judge,2,true,win,4,3,72,310,8,5,9,2,0,0,0,0,0,8,120,11,13,0,0,false,"[78,62,65]","[78,42,26]","[60,80,70]","[10,40,40]","[2,2,2]","[0,0,1]"
93,baseline,A,6,Sunless Remnant,3,false,win,7,6,63,343,12,9,16,3,0,5,0,0,0,12,130,19,68,0,0,false,"[78,42,26]","[71,42,38]","[10,40,40]","[0,20,15]","[2,2,2]","[0,1,2]"
93,baseline,A,8,The Pale Sun,3,true,win,5,4,62,355,12,7,12,2,0,1,0,0,0,12,170,14,22,0,0,false,"[78,62,66]","[53,47,66]","[60,80,70]","[15,10,30]","[2,2,2]","[2,0,0]"
93,baseline,B,2,The Bellkeeper,1,true,win,29,29,0,265,0,0,0,0,24,63,24,0,0,0,120,0,0,0,0,false,"[78,62,66]","[78,62,66]","[60,80,70]","[60,75,70]","[2,2,2]","[6,6,6]"
93,baseline,B,3,Hollow Adjudicator,2,false,win,30,30,0,310,0,0,0,0,35,55,35,0,0,0,175,0,0,0,0,false,"[78,62,66]","[78,62,66]","[60,75,70]","[60,80,65]","[2,2,2]","[6,6,6]"
93,baseline,B,5,The Veiled Judge,2,true,win,29,29,0,310,0,0,0,0,36,51,36,0,0,0,180,0,0,0,0,false,"[78,62,66]","[78,62,66]","[60,80,70]","[60,70,70]","[2,2,2]","[6,6,6]"
93,baseline,B,6,Sunless Remnant,3,false,win,24,24,0,355,0,0,0,0,25,47,24,0,0,0,125,0,0,0,0,false,"[78,62,66]","[78,62,66]","[60,70,70]","[55,80,65]","[2,2,2]","[6,6,6]"
93,baseline,B,8,The Pale Sun,3,true,win,25,25,0,355,0,0,0,0,27,48,27,0,0,0,135,0,0,0,0,false,"[78,62,66]","[78,62,66]","[60,80,70]","[50,80,70]","[2,2,2]","[6,6,6]"
93,candidate,A,2,The Bellkeeper,1,true,win,4,3,21,265,9,6,10,2,0,0,0,0,0,9,140,12,7,0,0,false,"[78,62,66]","[78,48,66]","[60,80,70]","[10,30,30]","[2,2,2]","[0,0,0]"
93,candidate,A,3,Hollow Adjudicator,2,false,win,7,6,69,295,11,8,16,3,0,5,0,0,0,11,100,19,46,0,0,false,"[78,48,66]","[77,27,65]","[10,30,30]","[10,15,20]","[2,2,2]","[1,0,2]"
93,candidate,A,5,The Veiled Judge,2,true,win,5,4,26,305,10,6,10,3,0,0,0,1,0,11,160,13,21,0,0,false,"[78,57,66]","[78,52,66]","[60,80,70]","[10,20,20]","[2,2,2]","[0,1,0]"
93,candidate,A,6,Sunless Remnant,3,false,win,7,6,63,289,11,9,16,3,0,6,0,0,0,11,100,19,36,0,0,false,"[78,52,66]","[71,45,53]","[10,20,20]","[0,20,20]","[2,2,2]","[0,1,2]"
93,candidate,A,8,The Pale Sun,3,true,win,7,6,62,355,15,8,14,3,0,1,0,0,0,15,190,17,34,0,0,false,"[78,62,66]","[59,53,66]","[60,80,70]","[15,10,10]","[2,2,2]","[1,2,2]"
93,candidate,B,2,The Bellkeeper,1,true,win,37,37,0,265,0,0,0,0,34,77,34,0,0,0,170,0,0,0,0,false,"[78,62,66]","[78,62,66]","[60,80,70]","[55,80,70]","[2,2,2]","[6,6,6]"
93,candidate,B,3,Hollow Adjudicator,2,false,win,60,60,280,310,0,0,0,0,50,130,50,0,0,0,250,0,280,0,0,false,"[78,62,66]","[78,62,66]","[55,80,70]","[60,80,65]","[2,2,2]","[6,6,6]"
93,candidate,B,5,The Veiled Judge,2,true,win,43,43,400,310,0,0,0,0,40,89,40,0,0,0,200,0,381,0,0,false,"[78,62,66]","[73,62,52]","[60,80,70]","[55,80,70]","[2,2,2]","[6,6,6]"
93,candidate,B,6,Sunless Remnant,3,false,win,61,61,168,355,0,0,0,0,51,132,51,0,0,0,255,0,187,0,0,false,"[73,62,52]","[78,62,66]","[55,80,70]","[55,80,70]","[2,2,2]","[6,6,6]"
93,candidate,B,8,The Pale Sun,3,true,win,49,49,240,355,0,0,0,0,43,104,43,0,0,0,215,0,240,0,0,false,"[78,62,66]","[78,62,66]","[60,80,70]","[55,80,70]","[2,2,2]","[6,6,6]"
94,baseline,A,0,Cinder Colossus,1,false,win,4,3,21,258,8,4,8,3,0,0,0,0,0,8,110,11,0,0,0,false,"[78,62,66]","[78,41,66]","[60,80,70]","[0,70,30]","[2,2,2]","[0,1,0]"
94,baseline,A,1,Cinder Colossus,1,false,win,4,3,21,242,7,4,8,3,0,2,0,0,0,7,80,11,7,0,0,false,"[78,62,66]","[78,48,66]","[3,73,33]","[23,13,23]","[2,2,2]","[0,0,1]"
94,baseline,A,2,The Bellkeeper,1,true,win,5,4,42,217,10,6,10,3,0,2,0,0,0,10,60,13,0,0,0,false,"[78,62,66]","[57,41,66]","[26,16,26]","[6,11,21]","[2,2,2]","[0,2,1]"
94,baseline,A,3,Hollow Adjudicator,2,false,win,5,4,26,285,7,6,11,3,0,4,0,0,0,7,60,14,0,0,0,false,"[78,62,66]","[65,49,66]","[9,14,24]","[9,24,14]","[2,2,2]","[1,1,0]"
94,baseline,A,4,Hollow Adjudicator,2,false,win,5,4,62,305,8,6,10,3,0,3,0,0,0,8,70,13,0,0,0,false,"[78,62,66]","[78,36,30]","[12,27,17]","[7,22,2]","[2,2,2]","[0,1,0]"
94,baseline,A,5,The Veiled Judge,2,true,win,8,7,80,310,12,9,17,3,0,6,0,0,0,12,100,20,0,1,0,false,"[78,60,54]","[78,34,0]","[10,25,5]","[10,0,20]","[2,2,2]","[1,0,1]"
94,baseline,A,8,The Pale Sun,3,true,win,6,5,62,355,13,8,14,2,0,1,0,0,0,13,170,16,7,0,0,false,"[78,62,66]","[47,38,66]","[60,80,70]","[15,10,30]","[2,2,2]","[2,0,0]"
94,baseline,B,0,Cinder Colossus,1,false,win,54,54,0,265,0,0,0,0,36,126,36,0,0,0,180,0,0,0,0,false,"[78,62,66]","[78,62,66]","[60,80,70]","[60,80,65]","[2,2,2]","[6,6,6]"
94,baseline,B,1,Cinder Colossus,1,false,win,54,54,0,265,0,0,0,0,36,126,36,0,0,0,180,0,0,0,0,false,"[78,62,66]","[78,62,66]","[60,80,68]","[60,80,65]","[2,2,2]","[6,6,6]"
94,baseline,B,2,The Bellkeeper,1,true,win,29,29,0,265,0,0,0,0,24,63,24,0,0,0,120,0,0,0,0,false,"[78,62,66]","[78,62,66]","[60,80,68]","[60,75,70]","[2,2,2]","[6,6,6]"
94,baseline,B,3,Hollow Adjudicator,2,false,win,30,30,0,310,0,0,0,0,35,55,35,0,0,0,175,0,0,0,0,false,"[78,62,66]","[78,62,66]","[60,78,70]","[60,80,65]","[2,2,2]","[6,6,6]"
94,baseline,B,4,Hollow Adjudicator,2,false,win,30,30,0,310,0,0,0,0,35,55,35,0,0,0,175,0,0,0,0,false,"[78,62,66]","[78,62,66]","[60,80,68]","[60,80,65]","[2,2,2]","[6,6,6]"
94,baseline,B,5,The Veiled Judge,2,true,win,29,29,0,310,0,0,0,0,36,51,36,0,0,0,180,0,0,0,0,false,"[78,62,66]","[78,62,66]","[60,80,68]","[60,70,70]","[2,2,2]","[6,6,6]"
94,baseline,B,8,The Pale Sun,3,true,win,38,38,0,355,0,0,0,0,45,69,44,0,0,0,225,0,0,0,0,false,"[78,62,66]","[78,62,66]","[60,80,70]","[60,75,65]","[2,2,2]","[6,6,6]"
94,candidate,A,0,Cinder Colossus,1,false,win,4,3,0,193,7,4,8,3,0,0,0,1,0,8,90,11,0,0,0,false,"[78,62,66]","[78,62,66]","[60,80,70]","[20,70,30]","[2,2,2]","[0,1,0]"
94,candidate,A,1,Cinder Colossus,1,false,win,4,3,0,216,7,4,8,3,0,2,0,0,0,7,80,11,0,0,0,false,"[78,62,66]","[78,62,66]","[23,73,33]","[18,43,18]","[2,2,2]","[0,0,3]"
94,candidate,A,2,The Bellkeeper,1,true,win,5,4,21,243,9,6,10,3,0,1,0,2,0,11,60,13,0,0,0,false,"[78,62,66]","[78,41,66]","[21,46,21]","[11,16,16]","[2,2,2]","[0,0,1]"
94,candidate,A,3,Hollow Adjudicator,2,false,win,5,4,62,233,8,6,12,3,0,4,0,0,0,8,70,15,0,0,0,false,"[78,62,66]","[65,39,40]","[14,19,19]","[14,14,14]","[2,2,2]","[0,0,1]"
94,candidate,A,4,Hollow Adjudicator,2,false,win,6,5,49,249,10,7,14,3,0,4,0,0,0,10,80,17,0,0,0,false,"[78,62,64]","[78,39,38]","[17,17,17]","[17,12,2]","[2,2,2]","[0,1,0]"
94,candidate,A,5,The Veiled Judge,2,true,win,7,6,36,292,11,8,15,3,0,6,0,0,0,11,90,18,0,0,0,false,"[78,62,62]","[78,39,49]","[20,15,5]","[5,15,20]","[2,2,2]","[2,1,3]"
94,candidate,A,8,The Pale Sun,3,true,win,6,5,62,355,15,8,14,2,0,1,0,0,0,15,190,16,7,0,0,false,"[78,62,66]","[47,38,66]","[60,80,70]","[15,10,10]","[2,2,2]","[2,0,0]"
94,candidate,B,0,Cinder Colossus,1,false,win,54,54,0,265,0,0,0,0,36,126,36,0,0,0,180,0,0,0,0,false,"[78,62,66]","[78,62,66]","[60,80,70]","[60,80,65]","[2,2,2]","[6,6,6]"
94,candidate,B,1,Cinder Colossus,1,false,win,54,54,0,265,0,0,0,0,36,126,36,0,0,0,180,0,0,0,0,false,"[78,62,66]","[78,62,66]","[60,80,68]","[60,80,65]","[2,2,2]","[6,6,6]"
94,candidate,B,2,The Bellkeeper,1,true,win,37,37,0,265,0,0,0,0,34,77,34,0,0,0,170,0,0,0,0,false,"[78,62,66]","[78,62,66]","[60,80,68]","[55,80,70]","[2,2,2]","[6,6,6]"
94,candidate,B,3,Hollow Adjudicator,2,false,win,39,39,188,310,0,0,0,0,37,54,35,0,0,0,185,0,0,2,0,false,"[78,62,66]","[18,0,0]","[58,80,70]","[45,75,65]","[2,2,2]","[6,6,6]"
94,candidate,B,4,Hollow Adjudicator,2,false,defeat,16,16,90,103,0,0,0,0,15,19,12,0,0,0,75,0,0,3,0,false,"[42,24,24]","[0,0,0]","[48,78,68]","[45,75,65]","[2,2,2]","[6,6,6]"
95,baseline,A,2,The Bellkeeper,1,true,win,4,3,21,265,9,6,10,2,0,0,0,0,0,9,140,12,7,0,0,false,"[78,62,66]","[78,48,66]","[60,80,70]","[10,30,30]","[2,2,2]","[0,0,0]"
95,baseline,A,3,Hollow Adjudicator,2,false,win,6,5,59,310,10,7,13,3,0,3,0,0,0,10,100,16,7,0,0,false,"[78,48,66]","[78,29,33]","[10,30,30]","[5,5,5]","[2,2,2]","[1,0,1]"
95,baseline,A,5,The Veiled Judge,2,true,win,5,4,46,302,6,6,12,3,0,6,0,0,0,6,70,15,21,0,0,false,"[78,47,51]","[72,34,45]","[5,5,5]","[15,5,15]","[2,2,2]","[1,1,1]"
95,baseline,A,6,Sunless Remnant,3,false,win,5,4,43,305,7,6,10,3,0,3,0,0,0,7,60,13,30,0,0,false,"[72,34,45]","[78,15,45]","[15,5,15]","[10,10,0]","[2,2,2]","[1,0,0]"
95,baseline,A,8,The Pale Sun,3,true,win,7,6,44,355,10,8,16,3,0,6,0,0,0,10,90,19,48,0,0,false,"[78,33,63]","[71,41,66]","[10,10,0]","[10,10,0]","[2,2,2]","[1,2,0]"
95,baseline,B,2,The Bellkeeper,1,true,win,29,29,0,265,0,0,0,0,24,63,24,0,0,0,120,0,0,0,0,false,"[78,62,66]","[78,62,66]","[60,80,70]","[60,75,70]","[2,2,2]","[6,6,6]"
95,baseline,B,3,Hollow Adjudicator,2,false,win,20,20,0,310,0,0,0,0,20,40,20,0,0,0,100,0,0,0,0,false,"[78,62,66]","[78,62,66]","[60,75,70]","[60,80,65]","[2,2,2]","[6,6,6]"
95,baseline,B,5,The Veiled Judge,2,true,win,20,20,0,310,0,0,0,0,27,33,27,0,0,0,135,0,0,0,0,false,"[78,62,66]","[78,62,66]","[60,80,65]","[60,80,65]","[2,2,2]","[6,6,6]"
95,baseline,B,6,Sunless Remnant,3,false,win,24,24,0,355,0,0,0,0,29,43,29,0,0,0,145,0,0,0,0,false,"[78,62,66]","[78,62,66]","[60,80,65]","[55,80,65]","[2,2,2]","[6,6,6]"
95,baseline,B,8,The Pale Sun,3,true,win,25,25,0,355,0,0,0,0,27,48,27,0,0,0,135,0,0,0,0,false,"[78,62,66]","[78,62,66]","[55,80,65]","[50,80,70]","[2,2,2]","[6,6,6]"
95,candidate,A,2,The Bellkeeper,1,true,win,4,3,21,265,9,6,10,2,0,0,0,0,0,9,140,12,7,0,0,false,"[78,62,66]","[78,48,66]","[60,80,70]","[10,30,30]","[2,2,2]","[0,0,0]"
95,candidate,A,3,Hollow Adjudicator,2,false,win,5,4,53,246,9,6,11,3,0,3,0,0,0,9,90,14,7,0,0,false,"[78,48,66]","[58,35,53]","[10,30,30]","[5,5,15]","[2,2,2]","[0,0,2]"
95,candidate,A,5,The Veiled Judge,2,true,win,6,5,20,293,8,7,14,3,0,5,0,0,0,8,80,17,9,0,0,false,"[76,53,66]","[58,60,66]","[5,5,15]","[15,5,0]","[2,2,2]","[1,0,0]"
95,candidate,A,6,Sunless Remnant,3,false,win,7,6,86,355,10,9,16,3,0,6,0,1,0,11,80,19,39,0,0,false,"[58,60,66]","[28,62,47]","[15,5,0]","[10,20,0]","[2,2,2]","[0,1,0]"
95,candidate,A,8,The Pale Sun,3,true,win,7,6,87,287,11,8,16,3,0,6,0,0,0,11,80,19,49,0,0,false,"[46,62,65]","[54,28,53]","[10,20,0]","[0,20,20]","[2,2,2]","[0,1,4]"
95,candidate,B,2,The Bellkeeper,1,true,win,37,37,0,265,0,0,0,0,34,77,34,0,0,0,170,0,0,0,0,false,"[78,62,66]","[78,62,66]","[60,80,70]","[55,80,70]","[2,2,2]","[6,6,6]"
95,candidate,B,3,Hollow Adjudicator,2,false,win,58,58,20,310,0,0,0,0,44,130,44,0,0,0,220,0,0,0,0,false,"[78,62,66]","[78,62,46]","[55,80,70]","[55,80,70]","[2,2,2]","[6,6,6]"
95,candidate,B,5,The Veiled Judge,2,true,win,54,54,144,310,0,0,0,0,44,88,43,0,0,0,220,0,0,1,0,false,"[78,62,64]","[58,2,0]","[55,80,70]","[60,75,65]","[2,2,2]","[6,6,6]"
95,candidate,B,6,Sunless Remnant,3,false,defeat,16,16,108,122,0,0,0,0,14,4,12,0,0,0,70,0,48,2,0,false,"[58,2,0]","[0,0,0]","[60,75,65]","[30,75,65]","[2,2,2]","[6,4,2]"
96,baseline,A,2,The Bellkeeper,1,true,win,4,3,21,265,9,6,10,2,0,0,0,0,0,9,140,12,7,0,0,false,"[78,62,66]","[78,48,66]","[60,80,70]","[10,30,30]","[2,2,2]","[0,0,0]"
96,baseline,A,4,Hollow Adjudicator,2,false,win,7,6,72,310,11,8,15,3,0,6,0,0,0,11,110,18,0,0,0,false,"[78,62,66]","[78,36,20]","[13,33,33]","[13,23,23]","[2,2,2]","[2,1,3]"
96,baseline,A,5,The Veiled Judge,2,true,win,7,6,70,310,12,8,15,2,0,3,0,0,0,12,90,17,0,1,0,false,"[78,60,44]","[78,34,0]","[16,26,26]","[6,1,16]","[2,2,2]","[0,0,1]"
96,baseline,A,6,Sunless Remnant,3,false,win,6,5,74,290,8,7,14,3,0,5,0,0,0,8,80,17,0,0,0,false,"[78,58,24]","[47,27,12]","[9,4,19]","[9,14,4]","[2,2,2]","[0,1,0]"
96,baseline,A,8,The Pale Sun,3,true,win,7,6,60,330,12,9,18,3,0,6,0,0,0,12,100,21,0,0,0,false,"[78,62,54]","[62,46,26]","[12,17,7]","[2,7,17]","[2,2,2]","[0,0,3]"
96,baseline,B,2,The Bellkeeper,1,true,win,29,29,0,265,0,0,0,0,24,63,24,0,0,0,120,0,0,0,0,false,"[78,62,66]","[78,62,66]","[60,80,70]","[60,75,70]","[2,2,2]","[6,6,6]"
96,baseline,B,4,Hollow Adjudicator,2,false,win,30,30,0,310,0,0,0,0,35,55,35,0,0,0,175,0,0,0,0,false,"[78,62,66]","[78,62,66]","[60,78,70]","[60,80,65]","[2,2,2]","[6,6,6]"
96,baseline,B,5,The Veiled Judge,2,true,win,29,29,0,310,0,0,0,0,36,51,36,0,0,0,180,0,0,0,0,false,"[78,62,66]","[78,62,66]","[60,80,68]","[60,70,70]","[2,2,2]","[6,6,6]"
96,baseline,B,6,Sunless Remnant,3,false,win,24,24,0,355,0,0,0,0,25,47,24,0,0,0,125,0,0,0,0,false,"[78,62,66]","[78,62,66]","[60,73,70]","[55,80,65]","[2,2,2]","[6,6,6]"
96,baseline,B,8,The Pale Sun,3,true,win,38,38,0,355,0,0,0,0,45,69,44,0,0,0,225,0,0,0,0,false,"[78,62,66]","[78,62,66]","[58,80,68]","[60,75,65]","[2,2,2]","[6,6,6]"
96,candidate,A,2,The Bellkeeper,1,true,win,4,3,21,265,9,6,10,2,0,0,0,0,0,9,140,12,7,0,0,false,"[78,62,66]","[78,48,66]","[60,80,70]","[10,30,30]","[2,2,2]","[0,0,0]"
96,candidate,A,4,Hollow Adjudicator,2,false,win,7,6,69,295,11,8,16,3,0,5,0,0,0,11,100,19,0,0,0,false,"[78,62,66]","[68,16,53]","[13,33,33]","[13,18,23]","[2,2,2]","[1,0,2]"
96,candidate,A,5,The Veiled Judge,2,true,win,7,6,53,259,10,6,12,3,0,2,0,1,0,11,60,15,0,1,0,false,"[78,40,66]","[78,0,53]","[16,21,26]","[11,11,11]","[2,2,2]","[0,0,1]"
96,candidate,A,6,Sunless Remnant,3,false,win,7,6,32,275,11,8,15,3,0,5,0,0,0,11,70,18,0,0,0,false,"[78,24,66]","[62,8,66]","[14,14,14]","[14,14,19]","[2,2,2]","[1,2,1]"
96,candidate,A,8,The Pale Sun,3,true,win,7,6,59,280,10,8,14,3,0,6,0,0,0,10,90,17,0,0,0,false,"[78,50,66]","[47,22,66]","[17,17,22]","[17,17,22]","[2,2,2]","[1,2,2]"
96,candidate,B,2,The Bellkeeper,1,true,win,37,37,0,265,0,0,0,0,34,77,34,0,0,0,170,0,0,0,0,false,"[78,62,66]","[78,62,66]","[60,80,70]","[55,80,70]","[2,2,2]","[6,6,6]"
96,candidate,B,4,Hollow Adjudicator,2,false,win,39,39,188,310,0,0,0,0,37,54,35,0,0,0,185,0,0,2,0,false,"[78,62,66]","[18,0,0]","[58,80,70]","[45,75,65]","[2,2,2]","[6,6,6]"
96,candidate,B,5,The Veiled Judge,2,true,defeat,14,14,90,68,0,0,0,0,13,19,10,0,0,0,65,0,0,3,0,false,"[42,24,24]","[0,0,0]","[48,78,68]","[40,75,65]","[2,2,2]","[6,6,6]"
97,baseline,A,2,The Bellkeeper,1,true,win,4,3,21,265,9,6,10,2,0,0,0,0,0,9,140,12,7,0,0,false,"[78,62,66]","[78,48,66]","[60,80,70]","[10,30,30]","[2,2,2]","[0,0,0]"
97,baseline,A,3,Hollow Adjudicator,2,false,win,5,4,26,278,9,6,10,3,0,3,0,0,0,9,90,13,7,0,0,false,"[78,48,66]","[78,29,66]","[10,30,30]","[5,5,15]","[2,2,2]","[0,0,3]"
97,baseline,A,4,Hollow Adjudicator,2,false,win,4,3,26,310,6,6,10,2,0,4,0,0,0,6,60,12,0,0,0,false,"[78,29,66]","[78,3,66]","[5,5,15]","[15,10,0]","[2,2,2]","[2,0,0]"
97,baseline,A,5,The Veiled Judge,2,true,win,8,7,124,310,10,8,15,2,0,6,0,0,0,10,80,17,36,1,0,false,"[78,3,66]","[47,0,12]","[15,10,0]","[20,15,0]","[2,2,2]","[0,0,1]"
97,baseline,A,6,Sunless Remnant,3,false,defeat,3,3,68,93,3,2,4,1,0,1,0,0,0,3,10,5,9,2,0,false,"[47,0,12]","[0,0,0]","[20,15,0]","[10,15,15]","[2,2,2]","[1,2,2]"
97,baseline,B,2,The Bellkeeper,1,true,win,29,29,0,265,0,0,0,0,24,63,24,0,0,0,120,0,0,0,0,false,"[78,62,66]","[78,62,66]","[60,80,70]","[60,75,70]","[2,2,2]","[6,6,6]"
97,baseline,B,3,Hollow Adjudicator,2,false,win,20,20,0,310,0,0,0,0,22,38,22,0,0,0,110,0,0,0,0,false,"[78,62,66]","[78,62,66]","[60,75,70]","[60,75,70]","[2,2,2]","[6,6,6]"
97,baseline,B,4,Hollow Adjudicator,2,false,win,18,18,0,310,0,0,0,0,18,36,18,0,0,0,90,0,0,0,0,false,"[78,62,66]","[78,62,66]","[60,75,70]","[55,80,65]","[2,2,2]","[6,6,6]"
97,baseline,B,5,The Veiled Judge,2,true,win,16,16,0,310,0,0,0,0,20,28,20,0,0,0,100,0,0,0,0,false,"[78,62,66]","[78,62,66]","[55,80,65]","[55,80,70]","[2,2,2]","[6,6,6]"
97,baseline,B,6,Sunless Remnant,3,false,win,32,32,0,355,0,0,0,0,36,60,35,0,0,0,180,0,0,0,0,false,"[78,62,66]","[78,62,66]","[55,80,70]","[60,75,65]","[2,2,2]","[6,6,6]"
97,baseline,B,8,The Pale Sun,3,true,win,20,20,0,355,0,0,0,0,21,39,21,0,0,0,105,0,0,0,0,false,"[78,62,66]","[78,62,66]","[60,75,65]","[60,80,65]","[2,2,2]","[6,6,6]"
97,candidate,A,2,The Bellkeeper,1,true,win,4,3,21,265,9,6,10,2,0,0,0,0,0,9,140,12,7,0,0,false,"[78,62,66]","[78,48,66]","[60,80,70]","[10,30,30]","[2,2,2]","[0,0,0]"
97,candidate,A,3,Hollow Adjudicator,2,false,win,5,4,26,269,9,6,10,3,0,3,0,0,0,9,90,13,7,0,0,false,"[78,48,66]","[78,29,66]","[10,30,30]","[5,5,15]","[2,2,2]","[0,0,3]"
97,candidate,A,4,Hollow Adjudicator,2,false,win,5,4,26,251,6,6,10,3,0,4,0,0,0,6,60,13,0,0,0,false,"[78,29,66]","[78,3,66]","[5,5,15]","[15,10,0]","[2,2,2]","[1,0,0]"
97,candidate,A,5,The Veiled Judge,2,true,win,13,12,156,310,13,10,19,2,0,6,0,0,0,13,90,21,39,2,0,false,"[78,3,66]","[30,0,0]","[15,10,0]","[5,15,5]","[2,2,2]","[0,0,1]"
97,candidate,A,6,Sunless Remnant,3,false,defeat,2,2,33,69,1,1,2,0,0,1,0,0,0,1,20,2,3,1,0,false,"[30,0,0]","[0,0,0]","[5,15,5]","[0,15,5]","[2,2,2]","[2,2,2]"
97,candidate,B,2,The Bellkeeper,1,true,win,37,37,0,265,0,0,0,0,34,77,34,0,0,0,170,0,0,0,0,false,"[78,62,66]","[78,62,66]","[60,80,70]","[55,80,70]","[2,2,2]","[6,6,6]"
97,candidate,B,3,Hollow Adjudicator,2,false,win,40,40,180,310,0,0,0,0,35,85,35,0,0,0,175,0,0,0,0,false,"[78,62,66]","[18,2,6]","[55,80,70]","[55,80,70]","[2,2,2]","[6,6,6]"
97,candidate,B,4,Hollow Adjudicator,2,false,defeat,12,12,26,102,0,0,0,0,12,16,9,0,0,0,60,0,0,3,0,false,"[18,2,6]","[0,0,0]","[55,80,70]","[50,75,65]","[2,2,2]","[6,6,6]"
98,baseline,A,1,Cinder Colossus,1,false,win,4,3,21,258,8,4,8,3,0,0,0,0,0,8,110,11,0,0,0,false,"[78,62,66]","[78,41,66]","[60,80,70]","[0,70,30]","[2,2,2]","[0,1,0]"
98,baseline,A,2,The Bellkeeper,1,true,win,4,3,21,265,8,5,9,2,0,1,0,0,0,8,90,11,7,0,0,false,"[78,62,66]","[78,62,52]","[3,73,33]","[18,13,3]","[2,2,2]","[0,0,1]"
98,baseline,A,5,The Veiled Judge,2,true,win,4,3,72,310,8,5,9,2,0,0,0,0,0,8,120,11,0,0,0,false,"[78,62,66]","[78,36,20]","[60,80,70]","[10,40,40]","[2,2,2]","[0,0,1]"
98,baseline,A,8,The Pale Sun,3,true,win,6,5,62,355,13,8,14,2,0,1,0,0,0,13,170,16,7,0,0,false,"[78,62,66]","[47,38,66]","[60,80,70]","[15,10,30]","[2,2,2]","[2,0,0]"
98,baseline,B,1,Cinder Colossus,1,false,win,54,54,0,265,0,0,0,0,36,126,36,0,0,0,180,0,0,0,0,false,"[78,62,66]","[78,62,66]","[60,80,70]","[60,80,65]","[2,2,2]","[6,6,6]"
98,baseline,B,2,The Bellkeeper,1,true,win,29,29,0,265,0,0,0,0,24,63,24,0,0,0,120,0,0,0,0,false,"[78,62,66]","[78,62,66]","[60,80,68]","[60,75,70]","[2,2,2]","[6,6,6]"
98,baseline,B,5,The Veiled Judge,2,true,win,29,29,0,310,0,0,0,0,36,51,36,0,0,0,180,0,0,0,0,false,"[78,62,66]","[78,62,66]","[60,80,70]","[60,70,70]","[2,2,2]","[6,6,6]"
98,baseline,B,8,The Pale Sun,3,true,win,38,38,0,355,0,0,0,0,45,69,44,0,0,0,225,0,0,0,0,false,"[78,62,66]","[78,62,66]","[60,80,70]","[60,75,65]","[2,2,2]","[6,6,6]"
98,candidate,A,1,Cinder Colossus,1,false,win,4,3,0,193,7,4,8,3,0,0,0,1,0,8,90,11,0,0,0,false,"[78,62,66]","[78,62,66]","[60,80,70]","[20,70,30]","[2,2,2]","[0,1,0]"
98,candidate,A,2,The Bellkeeper,1,true,win,4,3,21,265,8,5,8,2,0,1,0,0,0,8,90,10,7,0,0,false,"[78,62,66]","[78,48,66]","[23,73,33]","[13,23,18]","[2,2,2]","[0,0,4]"
98,candidate,A,5,The Veiled Judge,2,true,win,5,4,26,305,10,6,10,3,0,0,0,1,0,11,160,13,7,0,0,false,"[78,62,66]","[78,43,66]","[60,80,70]","[10,20,20]","[2,2,2]","[0,1,0]"
98,candidate,A,8,The Pale Sun,3,true,win,6,5,62,355,15,8,14,2,0,1,0,0,0,15,190,16,7,0,0,false,"[78,62,66]","[47,38,66]","[60,80,70]","[15,10,10]","[2,2,2]","[2,0,0]"
98,candidate,B,1,Cinder Colossus,1,false,win,54,54,0,265,0,0,0,0,36,126,36,0,0,0,180,0,0,0,0,false,"[78,62,66]","[78,62,66]","[60,80,70]","[60,80,65]","[2,2,2]","[6,6,6]"
98,candidate,B,2,The Bellkeeper,1,true,win,37,37,0,265,0,0,0,0,34,77,34,0,0,0,170,0,0,0,0,false,"[78,62,66]","[78,62,66]","[60,80,68]","[55,80,70]","[2,2,2]","[6,6,6]"
98,candidate,B,5,The Veiled Judge,2,true,defeat,24,24,206,138,0,0,0,0,22,44,19,0,0,0,110,0,0,3,0,false,"[78,62,66]","[0,0,0]","[60,80,70]","[50,75,65]","[2,2,2]","[6,6,6]"
99,baseline,A,0,Cinder Colossus,1,false,win,4,3,21,258,8,4,8,3,0,0,0,0,0,8,110,11,0,0,0,false,"[78,62,66]","[78,41,66]","[60,80,70]","[0,70,30]","[2,2,2]","[0,1,0]"
99,baseline,A,2,The Bellkeeper,1,true,win,4,3,0,265,7,4,7,3,0,0,0,0,0,7,100,10,0,0,0,false,"[78,62,66]","[78,62,66]","[60,80,70]","[30,50,30]","[2,2,2]","[0,2,0]"
99,baseline,A,3,Hollow Adjudicator,2,false,win,4,3,0,265,7,4,7,3,0,0,0,0,0,7,100,10,0,0,0,false,"[78,62,66]","[78,62,66]","[30,50,30]","[0,10,0]","[2,2,2]","[0,0,2]"
99,baseline,A,4,Hollow Adjudicator,2,false,win,4,3,20,245,4,4,8,3,0,5,0,0,0,4,30,11,0,0,0,false,"[78,62,66]","[78,62,46]","[0,10,0]","[20,20,15]","[2,2,2]","[0,0,1]"
99,baseline,A,5,The Veiled Judge,2,true,win,4,3,62,310,8,6,10,2,0,2,0,0,0,8,60,12,6,0,0,false,"[78,62,46]","[78,39,13]","[20,20,15]","[10,15,0]","[2,2,2]","[0,0,0]"
99,baseline,A,6,Sunless Remnant,3,false,win,5,4,28,320,7,6,12,3,0,4,0,0,0,7,50,15,30,0,0,false,"[78,39,13]","[78,38,16]","[10,15,0]","[10,10,15]","[2,2,2]","[0,1,0]"
99,baseline,A,7,Sunless Remnant,3,false,win,6,5,32,355,11,8,15,2,0,5,0,0,0,11,90,17,45,0,0,false,"[78,38,16]","[68,43,34]","[10,10,15]","[10,10,0]","[2,2,2]","[0,0,1]"
99,baseline,A,8,The Pale Sun,3,true,win,6,5,44,341,10,7,14,3,0,5,0,0,0,10,70,17,55,0,0,false,"[68,43,34]","[68,48,40]","[10,10,0]","[10,10,5]","[2,2,2]","[0,0,1]"
99,baseline,B,0,Cinder Colossus,1,false,win,54,54,0,265,0,0,0,0,36,126,36,0,0,0,180,0,0,0,0,false,"[78,62,66]","[78,62,66]","[60,80,70]","[60,80,65]","[2,2,2]","[6,6,6]"
99,baseline,B,2,The Bellkeeper,1,true,win,54,54,0,265,0,0,0,0,36,126,36,0,0,0,180,0,0,0,0,false,"[78,62,66]","[78,62,66]","[60,80,70]","[60,80,65]","[2,2,2]","[6,6,6]"
99,baseline,B,3,Hollow Adjudicator,2,false,win,18,18,0,310,0,0,0,0,18,36,18,0,0,0,90,0,0,0,0,false,"[78,62,66]","[78,62,66]","[60,80,65]","[55,80,65]","[2,2,2]","[6,6,6]"
99,baseline,B,4,Hollow Adjudicator,2,false,win,18,18,0,310,0,0,0,0,18,36,18,0,0,0,90,0,0,0,0,false,"[78,62,66]","[78,62,66]","[55,80,65]","[55,80,65]","[2,2,2]","[6,6,6]"
99,baseline,B,5,The Veiled Judge,2,true,win,16,16,0,310,0,0,0,0,20,28,20,0,0,0,100,0,0,0,0,false,"[78,62,66]","[78,62,66]","[55,80,65]","[55,80,70]","[2,2,2]","[6,6,6]"
99,baseline,B,6,Sunless Remnant,3,false,win,32,32,0,355,0,0,0,0,36,60,35,0,0,0,180,0,0,0,0,false,"[78,62,66]","[78,62,66]","[55,80,70]","[60,75,65]","[2,2,2]","[6,6,6]"
99,baseline,B,7,Sunless Remnant,3,false,win,32,32,0,355,0,0,0,0,36,60,35,0,0,0,180,0,0,0,0,false,"[78,62,66]","[78,62,66]","[60,75,65]","[60,75,65]","[2,2,2]","[6,6,6]"
99,baseline,B,8,The Pale Sun,3,true,win,20,20,0,355,0,0,0,0,21,39,21,0,0,0,105,0,0,0,0,false,"[78,62,66]","[78,62,66]","[60,75,65]","[60,80,65]","[2,2,2]","[6,6,6]"
99,candidate,A,0,Cinder Colossus,1,false,win,4,3,0,193,7,4,8,3,0,0,0,1,0,8,90,11,0,0,0,false,"[78,62,66]","[78,62,66]","[60,80,70]","[20,70,30]","[2,2,2]","[0,1,0]"
99,candidate,A,2,The Bellkeeper,1,true,win,4,3,0,236,7,4,7,3,0,0,0,0,0,7,100,10,0,0,0,false,"[78,62,66]","[78,62,66]","[60,80,70]","[30,50,30]","[2,2,2]","[0,2,0]"
99,candidate,A,3,Hollow Adjudicator,2,false,win,4,3,0,247,6,4,7,3,0,0,0,1,0,7,90,10,0,0,0,false,"[78,62,66]","[78,62,66]","[30,50,30]","[0,10,10]","[2,2,2]","[0,0,2]"
99,candidate,A,4,Hollow Adjudicator,2,false,win,4,3,10,209,4,4,8,3,0,4,0,1,0,5,30,11,0,0,0,false,"[78,62,66]","[78,52,66]","[0,10,10]","[20,20,10]","[2,2,2]","[0,0,1]"
99,candidate,A,5,The Veiled Judge,2,true,win,6,5,85,278,10,7,14,3,0,4,0,0,0,10,80,17,6,0,0,false,"[78,52,66]","[68,6,43]","[20,20,10]","[20,0,10]","[2,2,2]","[0,1,0]"
99,candidate,A,6,Sunless Remnant,3,false,defeat,14,14,181,351,13,10,18,2,0,7,0,0,0,13,90,20,64,3,0,false,"[68,6,43]","[0,0,0]","[20,0,10]","[20,15,10]","[2,2,2]","[0,2,0]"
99,candidate,B,0,Cinder Colossus,1,false,win,54,54,0,265,0,0,0,0,36,126,36,0,0,0,180,0,0,0,0,false,"[78,62,66]","[78,62,66]","[60,80,70]","[60,80,65]","[2,2,2]","[6,6,6]"
99,candidate,B,2,The Bellkeeper,1,true,win,54,54,0,265,0,0,0,0,36,126,36,0,0,0,180,0,0,0,0,false,"[78,62,66]","[78,62,66]","[60,80,70]","[60,80,65]","[2,2,2]","[6,6,6]"
99,candidate,B,3,Hollow Adjudicator,2,false,win,52,52,20,310,0,0,0,0,38,118,38,0,0,0,190,0,0,0,0,false,"[78,62,66]","[78,62,46]","[60,80,65]","[55,80,70]","[2,2,2]","[6,6,6]"
99,candidate,B,4,Hollow Adjudicator,2,false,win,52,52,20,310,0,0,0,0,38,118,38,0,0,0,190,0,0,0,0,false,"[78,62,46]","[78,62,26]","[55,80,70]","[55,80,70]","[2,2,2]","[6,6,6]"
99,candidate,B,5,The Veiled Judge,2,true,win,37,37,140,310,0,0,0,0,32,79,32,0,0,0,160,0,155,0,0,false,"[78,62,26]","[78,62,41]","[55,80,70]","[55,80,70]","[2,2,2]","[6,6,6]"
99,candidate,B,6,Sunless Remnant,3,false,win,63,63,168,355,0,0,0,0,49,140,49,0,0,0,245,0,193,0,0,false,"[78,62,41]","[78,62,66]","[55,80,70]","[60,80,65]","[2,2,2]","[6,6,6]"
99,candidate,B,7,Sunless Remnant,3,false,win,63,63,168,355,0,0,0,0,49,140,49,0,0,0,245,0,168,0,0,false,"[78,62,66]","[78,62,66]","[60,80,65]","[60,80,65]","[2,2,2]","[6,6,6]"
99,candidate,B,8,The Pale Sun,3,true,win,45,45,168,355,0,0,0,0,39,96,39,0,0,0,195,0,168,0,0,false,"[78,62,66]","[78,62,66]","[60,80,65]","[60,80,65]","[2,2,2]","[6,6,6]"
100,baseline,A,0,Cinder Colossus,1,false,win,4,3,21,258,8,4,8,3,0,0,0,0,0,8,110,11,0,0,0,false,"[78,62,66]","[78,41,66]","[60,80,70]","[0,70,30]","[2,2,2]","[0,1,0]"
100,baseline,A,1,Cinder Colossus,1,false,win,4,3,21,242,7,4,8,3,0,2,0,0,0,7,80,11,7,0,0,false,"[78,62,66]","[78,48,66]","[3,73,33]","[23,13,23]","[2,2,2]","[0,0,1]"
100,baseline,A,2,The Bellkeeper,1,true,win,5,4,42,217,10,6,10,3,0,2,0,0,0,10,60,13,0,0,0,false,"[78,62,66]","[57,41,66]","[26,16,26]","[6,11,21]","[2,2,2]","[0,2,1]"
100,baseline,A,3,Hollow Adjudicator,2,false,win,5,4,26,285,7,6,11,3,0,4,0,0,0,7,60,14,0,0,0,false,"[78,62,66]","[65,49,66]","[9,14,24]","[9,24,14]","[2,2,2]","[1,1,0]"
100,baseline,A,4,Hollow Adjudicator,2,false,win,5,4,62,305,8,6,10,3,0,3,0,0,0,8,70,13,0,0,0,false,"[78,62,66]","[78,36,30]","[12,27,17]","[7,22,2]","[2,2,2]","[0,1,0]"
100,baseline,A,5,The Veiled Judge,2,true,win,8,7,80,310,12,9,17,3,0,6,0,0,0,12,100,20,0,1,0,false,"[78,60,54]","[78,34,0]","[10,25,5]","[10,0,20]","[2,2,2]","[1,0,1]"
100,baseline,A,7,Sunless Remnant,3,false,win,6,5,71,308,10,7,13,3,0,4,0,0,0,10,70,16,0,0,0,false,"[78,62,42]","[62,31,18]","[13,3,23]","[13,13,3]","[2,2,2]","[0,0,2]"
100,baseline,A,8,The Pale Sun,3,true,win,8,7,75,355,13,10,20,3,0,8,0,0,0,13,110,23,0,0,0,false,"[78,55,42]","[47,39,14]","[16,16,6]","[21,21,6]","[2,2,2]","[0,0,1]"
100,baseline,B,0,Cinder Colossus,1,false,win,54,54,0,265,0,0,0,0,36,126,36,0,0,0,180,0,0,0,0,false,"[78,62,66]","[78,62,66]","[60,80,70]","[60,80,65]","[2,2,2]","[6,6,6]"
100,baseline,B,1,Cinder Colossus,1,false,win,54,54,0,265,0,0,0,0,36,126,36,0,0,0,180,0,0,0,0,false,"[78,62,66]","[78,62,66]","[60,80,68]","[60,80,65]","[2,2,2]","[6,6,6]"
100,baseline,B,2,The Bellkeeper,1,true,win,29,29,0,265,0,0,0,0,24,63,24,0,0,0,120,0,0,0,0,false,"[78,62,66]","[78,62,66]","[60,80,68]","[60,75,70]","[2,2,2]","[6,6,6]"
100,baseline,B,3,Hollow Adjudicator,2,false,win,30,30,0,310,0,0,0,0,35,55,35,0,0,0,175,0,0,0,0,false,"[78,62,66]","[78,62,66]","[60,78,70]","[60,80,65]","[2,2,2]","[6,6,6]"
100,baseline,B,4,Hollow Adjudicator,2,false,win,30,30,0,310,0,0,0,0,35,55,35,0,0,0,175,0,0,0,0,false,"[78,62,66]","[78,62,66]","[60,80,68]","[60,80,65]","[2,2,2]","[6,6,6]"
100,baseline,B,5,The Veiled Judge,2,true,win,29,29,0,310,0,0,0,0,36,51,36,0,0,0,180,0,0,0,0,false,"[78,62,66]","[78,62,66]","[60,80,68]","[60,70,70]","[2,2,2]","[6,6,6]"
100,baseline,B,7,Sunless Remnant,3,false,win,24,24,0,355,0,0,0,0,25,47,24,0,0,0,125,0,0,0,0,false,"[78,62,66]","[78,62,66]","[60,73,70]","[55,80,65]","[2,2,2]","[6,6,6]"
100,baseline,B,8,The Pale Sun,3,true,win,38,38,0,355,0,0,0,0,45,69,44,0,0,0,225,0,0,0,0,false,"[78,62,66]","[78,62,66]","[58,80,68]","[60,75,65]","[2,2,2]","[6,6,6]"
100,candidate,A,0,Cinder Colossus,1,false,win,4,3,0,193,7,4,8,3,0,0,0,1,0,8,90,11,0,0,0,false,"[78,62,66]","[78,62,66]","[60,80,70]","[20,70,30]","[2,2,2]","[0,1,0]"
100,candidate,A,1,Cinder Colossus,1,false,win,4,3,0,216,7,4,8,3,0,2,0,0,0,7,80,11,0,0,0,false,"[78,62,66]","[78,62,66]","[23,73,33]","[18,43,18]","[2,2,2]","[0,0,3]"
100,candidate,A,2,The Bellkeeper,1,true,win,5,4,21,243,9,6,10,3,0,1,0,2,0,11,60,13,0,0,0,false,"[78,62,66]","[78,41,66]","[21,46,21]","[11,16,16]","[2,2,2]","[0,0,1]"
100,candidate,A,3,Hollow Adjudicator,2,false,win,5,4,62,233,8,6,12,3,0,4,0,0,0,8,70,15,0,0,0,false,"[78,62,66]","[65,39,40]","[14,19,19]","[14,14,14]","[2,2,2]","[0,0,1]"
100,candidate,A,4,Hollow Adjudicator,2,false,win,6,5,49,249,10,7,14,3,0,4,0,0,0,10,80,17,0,0,0,false,"[78,62,64]","[78,39,38]","[17,17,17]","[17,12,2]","[2,2,2]","[0,1,0]"
100,candidate,A,5,The Veiled Judge,2,true,win,7,6,36,292,11,8,15,3,0,6,0,0,0,11,90,18,0,0,0,false,"[78,62,62]","[78,39,49]","[20,15,5]","[5,15,20]","[2,2,2]","[2,1,3]"
100,candidate,A,7,Sunless Remnant,3,false,win,6,5,28,259,10,7,12,3,0,2,0,1,0,11,60,15,0,0,0,false,"[78,62,66]","[78,34,66]","[8,18,23]","[3,3,13]","[2,2,2]","[1,0,2]"
100,candidate,A,8,The Pale Sun,3,true,win,9,8,83,355,14,12,24,2,0,10,0,0,0,14,140,26,4,0,0,false,"[78,58,66]","[66,7,50]","[6,6,16]","[16,1,21]","[2,2,2]","[0,0,2]"
100,candidate,B,0,Cinder Colossus,1,false,win,54,54,0,265,0,0,0,0,36,126,36,0,0,0,180,0,0,0,0,false,"[78,62,66]","[78,62,66]","[60,80,70]","[60,80,65]","[2,2,2]","[6,6,6]"
100,candidate,B,1,Cinder Colossus,1,false,win,54,54,0,265,0,0,0,0,36,126,36,0,0,0,180,0,0,0,0,false,"[78,62,66]","[78,62,66]","[60,80,68]","[60,80,65]","[2,2,2]","[6,6,6]"
100,candidate,B,2,The Bellkeeper,1,true,win,37,37,0,265,0,0,0,0,34,77,34,0,0,0,170,0,0,0,0,false,"[78,62,66]","[78,62,66]","[60,80,68]","[55,80,70]","[2,2,2]","[6,6,6]"
100,candidate,B,3,Hollow Adjudicator,2,false,win,39,39,188,310,0,0,0,0,37,54,35,0,0,0,185,0,0,2,0,false,"[78,62,66]","[18,0,0]","[58,80,70]","[45,75,65]","[2,2,2]","[6,6,6]"
100,candidate,B,4,Hollow Adjudicator,2,false,defeat,16,16,90,103,0,0,0,0,15,19,12,0,0,0,75,0,0,3,0,false,"[42,24,24]","[0,0,0]","[48,78,68]","[45,75,65]","[2,2,2]","[6,6,6]"
