seed,variant,strategy,outcome,node,steps,battles_entered,battles_won,damage_taken,enemy_phases,direct_attacks,boost_attacks,boost_ep,severs,parries,defends,counters,passes,rejected,softlock,validation_failures
81,baseline,A,victory,9,128,6,6,265,25,56,38,71,15,0,14,0,0,0,false,0
81,baseline,B,victory,9,898,6,6,0,177,0,0,0,0,172,359,172,0,0,false,0
81,candidate,A,victory,9,129,6,6,223,24,51,36,67,16,0,15,0,5,0,false,0
81,candidate,B,victory,9,1579,6,6,868,325,0,0,0,0,261,714,261,0,0,false,0
82,baseline,A,victory,9,112,5,5,248,21,50,32,58,13,0,10,0,0,0,false,0
82,baseline,B,victory,9,878,5,5,0,174,0,0,0,0,166,356,164,0,0,false,0
82,candidate,A,victory,9,117,5,5,181,22,50,33,58,14,0,11,0,2,0,false,0
82,candidate,B,defeat,5,554,3,2,206,115,0,0,0,0,92,247,89,0,0,false,0
83,baseline,A,victory,9,108,5,5,218,20,47,29,54,13,0,10,0,0,0,false,0
83,baseline,B,victory,9,773,5,5,0,153,0,0,0,0,143,316,143,0,0,false,0
83,candidate,A,victory,9,110,5,5,222,22,44,29,53,14,0,11,0,1,0,false,0
83,candidate,B,victory,9,1184,5,5,628,242,0,0,0,0,198,528,198,0,0,false,0
84,baseline,A,victory,9,160,7,7,306,32,66,47,90,20,0,24,0,0,0,false,0
84,baseline,B,victory,9,1153,7,7,0,228,0,0,0,0,226,458,223,0,0,false,0
84,candidate,A,victory,9,167,7,7,377,34,68,49,92,20,0,26,0,1,0,false,0
84,candidate,B,defeat,5,666,4,3,278,144,0,0,0,0,120,276,115,0,0,false,0
85,baseline,A,victory,9,125,5,5,299,24,50,34,65,14,0,19,0,0,0,false,0
85,baseline,B,victory,9,809,5,5,0,161,0,0,0,0,148,335,147,0,0,false,0
85,candidate,A,victory,9,111,5,5,154,21,42,31,58,14,0,14,0,2,0,false,0
85,candidate,B,victory,9,1198,5,5,808,244,0,0,0,0,204,528,204,0,0,false,0
86,baseline,A,victory,9,87,4,4,195,15,38,26,47,9,0,7,0,0,0,false,0
86,baseline,B,victory,9,626,4,4,0,120,0,0,0,0,130,230,128,0,0,false,0
86,candidate,A,victory,9,94,4,4,149,17,40,27,48,11,0,7,0,1,0,false,0
86,candidate,B,defeat,5,302,2,1,206,61,0,0,0,0,56,121,53,0,0,false,0
87,baseline,A,victory,9,122,6,6,223,23,47,34,62,16,0,18,0,0,0,false,0
87,baseline,B,victory,9,843,6,6,0,167,0,0,0,0,157,344,157,0,0,false,0
87,candidate,A,victory,9,137,6,6,215,27,53,38,72,17,0,20,0,2,0,false,0
87,candidate,B,victory,9,1565,6,6,608,323,0,0,0,0,255,714,255,0,0,false,0
88,baseline,A,victory,9,100,5,5,218,18,46,27,49,13,0,5,0,0,0,false,0
88,baseline,B,victory,9,1010,5,5,0,204,0,0,0,0,177,435,176,0,0,false,0
88,candidate,A,victory,9,107,5,5,109,19,48,28,50,14,0,4,0,4,0,false,0
88,candidate,B,defeat,5,806,4,3,206,169,0,0,0,0,128,373,125,0,0,false,0
89,baseline,A,victory,9,115,5,5,208,22,45,31,60,14,0,16,0,0,0,false,0
89,baseline,B,victory,9,807,5,5,0,164,0,0,0,0,133,359,133,0,0,false,0
89,candidate,A,victory,9,109,5,5,173,20,39,28,52,15,0,13,0,4,0,false,0
89,candidate,B,victory,9,1158,5,5,351,244,0,0,0,0,186,525,185,0,0,false,0
90,baseline,A,victory,9,80,4,4,176,14,38,23,41,9,0,1,0,0,0,false,0
90,baseline,B,victory,9,758,4,4,0,150,0,0,0,0,141,309,140,0,0,false,0
90,candidate,A,victory,9,87,4,4,109,15,41,24,42,10,0,1,0,2,0,false,0
90,candidate,B,defeat,5,554,3,2,206,115,0,0,0,0,92,247,89,0,0,false,0
91,baseline,A,victory,9,150,7,7,281,30,66,45,82,18,0,18,0,0,0,false,0
91,baseline,B,victory,9,1099,7,7,0,217,0,0,0,0,215,436,213,0,0,false,0
91,candidate,A,defeat,7,123,6,5,327,28,49,34,63,15,0,12,0,4,0,false,0
91,candidate,B,victory,9,1786,7,7,964,368,0,0,0,0,296,808,296,0,0,false,0
92,baseline,A,victory,9,161,7,7,353,33,67,47,87,20,0,23,0,0,0,false,0
92,baseline,B,victory,9,1188,7,7,0,234,0,0,0,0,236,466,234,0,0,false,0
92,candidate,A,victory,9,175,7,7,350,38,75,53,99,19,0,24,0,1,0,false,0
92,candidate,B,defeat,4,670,4,3,278,146,0,0,0,0,122,276,117,0,0,false,0
93,baseline,A,victory,9,116,5,5,290,22,52,35,62,12,0,12,0,0,0,false,0
93,baseline,B,victory,9,712,5,5,0,137,0,0,0,0,147,264,146,0,0,false,0
93,candidate,A,victory,9,126,5,5,241,25,56,37,66,14,0,12,0,1,0,false,0
93,candidate,B,victory,9,1236,5,5,1088,250,0,0,0,0,218,532,218,0,0,false,0
94,baseline,A,victory,9,151,7,7,314,30,65,43,78,20,0,18,0,0,0,false,0
94,baseline,B,victory,9,1320,7,7,0,264,0,0,0,0,247,545,246,0,0,false,0
94,candidate,A,victory,9,156,7,7,230,30,67,43,81,20,0,18,0,3,0,false,0
94,candidate,B,defeat,4,922,5,4,278,200,0,0,0,0,158,402,153,0,0,false,0
95,baseline,A,victory,9,114,5,5,213,22,42,33,61,14,0,18,0,0,0,false,0
95,baseline,B,victory,9,617,5,5,0,118,0,0,0,0,127,227,127,0,0,false,0
95,candidate,A,victory,9,124,5,5,267,24,47,36,67,14,0,20,0,1,0,false,0
95,candidate,B,defeat,6,746,4,3,272,165,0,0,0,0,136,299,133,0,0,false,0
96,baseline,A,victory,9,129,5,5,297,26,52,38,72,13,0,20,0,0,0,false,0
96,baseline,B,victory,9,781,5,5,0,150,0,0,0,0,165,285,163,0,0,false,0
96,candidate,A,victory,9,129,5,5,234,27,51,36,67,14,0,18,0,1,0,false,0
96,candidate,B,defeat,5,414,3,2,278,90,0,0,0,0,84,150,79,0,0,false,0
97,baseline,A,defeat,6,94,5,4,265,20,37,28,49,10,0,14,0,0,0,false,0
97,baseline,B,victory,9,698,6,6,0,135,0,0,0,0,141,264,140,0,0,false,0
97,candidate,A,defeat,6,100,5,4,262,25,38,29,51,10,0,14,0,0,0,false,0
97,candidate,B,defeat,4,435,3,2,206,89,0,0,0,0,81,178,78,0,0,false,0
98,baseline,A,victory,9,80,4,4,176,14,37,22,40,9,0,2,0,0,0,false,0
98,baseline,B,victory,9,758,4,4,0,150,0,0,0,0,141,309,140,0,0,false,0
98,candidate,A,victory,9,87,4,4,109,15,40,23,40,10,0,2,0,2,0,false,0
98,candidate,B,defeat,5,554,3,2,206,115,0,0,0,0,92,247,89,0,0,false,0
99,baseline,A,victory,9,152,8,8,207,29,62,43,81,22,0,21,0,0,0,false,0
99,baseline,B,victory,9,1213,8,8,0,244,0,0,0,0,221,511,219,0,0,false,0
99,candidate,A,defeat,6,126,6,5,276,31,47,33,62,17,0,15,0,3,0,false,0
99,candidate,B,victory,9,2015,8,8,684,420,0,0,0,0,317,943,317,0,0,false,0
100,baseline,A,victory,9,183,8,8,398,37,75,52,97,24,0,29,0,0,0,false,0
100,baseline,B,victory,9,1440,8,8,0,288,0,0,0,0,272,592,270,0,0,false,0
100,candidate,A,victory,9,188,8,8,279,38,76,54,103,23,0,29,0,4,0,false,0
100,candidate,B,defeat,4,922,5,4,278,200,0,0,0,0,158,402,153,0,0,false,0
